date,nifty_return,NIFTYBANK_return,NIFTYBANK_contribution,NIFTYIT_return,NIFTYIT_contribution,NIFTYENERGY_return,NIFTYENERGY_contribution,NIFTYFMCG_return,NIFTYFMCG_contribution,NIFTYAUTO_return,NIFTYAUTO_contribution,NIFTYDEFENSE_return,NIFTYDEFENSE_contribution,Other_contribution,explained_return,unexplained_return
2025-02-01,,,0.0,,0.0,,0.0,,0.0,,0.0,,0.0,,0.0,
2025-02-03,-0.0051571086974575575,-0.005987038183527638,-0.002095463364234673,0.006755840429404358,0.0012160512772927845,-0.03000066319794037,-0.003600079583752844,-0.01672202143809387,-0.0013377617150475097,0.0009246764168895361,5.548058501337216e-05,-0.05054090465395822,-0.0015162271396187465,0.0021208912428900594,-0.007277999940347617,0.0021208912428900594
2025-02-04,0.016189340804458663,0.019251969343971886,0.00673818927039016,0.012902272874977028,0.0023224091174958647,0.022354198909793732,0.0026825038691752475,-0.0025226599651164694,-0.00020181279720931755,0.008918849401980511,0.0005351309641188306,0.023442146583513068,0.000703264397505392,0.0034096559829824846,0.012779684821476178,0.0034096559829824846
2025-02-05,-0.0018092399717767327,0.0036903422089620275,0.0012916197731367095,0.0006556198991138906,0.0001180115818405003,0.013641185894025742,0.0016369423072830891,-0.01555573403265309,-0.0012444587226122473,-0.0007626922398720204,-4.5761534392321224e-05,0.009945787983695054,0.0002983736395108516,-0.0038639670165433147,0.002054727044766582,-0.0038639670165433147
2025-02-06,-0.003922553310010457,0.0007756780727428136,0.00027148732545998475,0.003092918115196852,0.0005567252607354333,-0.008567885573593892,-0.0010281462688312669,-0.009611811913893598,-0.0007689449531114879,-0.009280481011689323,-0.0005568288607013593,-0.019605264239504816,-0.0005881579271851445,-0.0018086878863766164,-0.0021138654236338406,-0.0018086878863766164
2025-02-07,-0.0018387220458111475,-0.004431137249142014,-0.001550898037199705,-0.0023081777599052167,-0.000415471996782939,-0.007333691271107501,-0.0008800429525329,-0.013045782908144066,-0.0010436626326515252,0.006914504363949359,0.0004148702618369615,-0.0027836935924739903,-8.351080777421971e-05,0.0017199941192931798,-0.0035587161651043273,0.0017199941192931798
2025-02-10,-0.007570050021328711,-0.0035457351992719266,-0.0012410073197451743,-0.007574266133757668,-0.00136336790407638,-0.021555703851322328,-0.002586684462158679,-0.004656770688744816,-0.00037254165509958525,-0.01480395312010463,-0.0008882371872062778,-0.009055442514335543,-0.0002716632754300663,-0.0008465482176125494,-0.006723501803716162,-0.0008465482176125494
2025-02-11,-0.013249734834228644,-0.011556391428742874,-0.0040447370000600055,-0.014748847031038848,-0.0026547924655869926,-0.020963939470381443,-0.002515672736445773,-0.019366840665625773,-0.001549347253250062,-0.02330974596162705,-0.0013985847576976228,-0.03500852728306336,-0.001050255818491901,-3.6344802696288564e-05,-0.013213390031532355,-3.6344802696288564e-05
2025-02-12,-0.0011507554677138154,0.001539367735823749,0.0005387787075383121,-0.005606612609993844,-0.0010091902697988919,-0.003799693034426288,-0.00045596316413115456,-0.001027061442440358,-8.216491539522863e-05,-0.007373559730485257,-0.00044241358382911543,-0.011940455988253107,-0.0003582136796475932,0.0006584114375498562,-0.0018091669052636716,0.0006584114375498562
2025-02-13,-0.0006009915275381195,-0.002417165105917718,-0.0008460077870712013,-0.010002875422327584,-0.0018005175760189651,-0.0009739026033533937,-0.00011686831240240724,-0.007894638902845252,-0.0006315711122276203,-0.0028182591057885897,-0.0001690955463473154,0.004253690833207369,0.00012761072499622105,0.002835458081533169,-0.0034364496090712885,0.002835458081533169
2025-02-14,-0.004435249268390229,-0.005275542774137332,-0.001846439970948066,-0.00010649743256474498,-1.9169537861654096e-05,-0.022837107022769976,-0.002740452842732397,-0.0033049015516343205,-0.0002643921241307456,-0.01230738935656972,-0.0007384433613941832,-0.03621589529556679,-0.0010864768588670036,0.0022601254275438198,-0.006695374695934049,0.0022601254275438198
2025-02-17,0.0013192755977626813,0.0032474905523383057,0.001136621693318407,-0.005759946164655361,-0.001036790309637965,0.0054052197577545424,0.0006486263709305451,-0.0036423651002898128,-0.000291389208023185,-0.005321872465370525,-0.0003193123479222315,-0.028033172740980494,-0.0008409951822294148,0.0020225145813265255,-0.0007032389835638441,0.0020225145813265255
2025-02-18,-0.0006184803676038131,-0.0034836344295142707,-0.0012192720503299947,0.0095232414323696,0.001714183457826528,0.003627484949190851,0.0004352981939029021,-0.008773255264897584,-0.0007018604211918067,-0.006056437156777061,-0.0003633862294066237,-0.029475476517050625,-0.0008842642955115187,0.00040082097710670054,-0.0010193013447105136,0.00040082097710670054
2025-02-19,-0.0005404156842576668,0.009835537908990721,0.003442438268146752,-0.013025647333191004,-0.0023446165199743807,0.011327739427956507,0.0013593287313547807,-0.002287516315583993,-0.00018300130524671944,-0.00044686029084872736,-2.681161745092364e-05,0.04190099318706797,0.0012570297956120391,-0.004044783036699215,0.0035043673524415486,-0.004044783036699215
2025-02-20,-0.0008612081332932675,-0.004751856461858939,-0.0016631497616506285,-0.001424583223883169,-0.0002564249802989704,0.018306969886372704,0.0021968363863647243,-0.00044212759821571357,-3.5370207857257084e-05,0.012185252520157785,0.0007311151512094671,0.01324627214728058,0.0003973881644184174,-0.0022316028854790205,0.001370394752185753,-0.0022316028854790205
2025-02-21,-0.0051171488861200265,-0.007162323361619927,-0.0025068131765669742,-0.007865961760340712,-0.0014158731168613281,-0.0055918148295621695,-0.0006710177795474603,-0.0045693988799575536,-0.0003655519103966043,-0.02577588120444485,-0.001546552872266691,-0.012316044094022871,-0.0003694813228206861,0.001758141292339718,-0.006875290178459744,0.001758141292339718
2025-02-24,-0.010640071240881177,-0.006721966795423584,-0.002352688378398254,-0.027078888628544018,-0.004874199953137923,-0.011116738414788552,-0.0013340086097746262,0.0036018553441916623,0.000288148427535333,0.0021668472372697867,0.0001300108342361872,0.0015610394466256672,4.683118339877001e-05,-0.0025441647447406648,-0.008095906496140512,-0.0025441647447406648
2025-02-25,-0.000257168003866326,-0.000896161407713314,-0.00031365649269965987,-0.007993084321589072,-0.001438755177886033,-0.007122096745281858,-0.000854651609433823,0.0032045029434377703,0.0002563602354750216,0.005110776012063667,0.00030664656072382,-0.004386497055447136,-0.00013159491166341407,0.0019184833916177624,-0.0021756513954840884,0.0019184833916177624
2025-02-27,-0.00011087679149179852,0.002786558276510087,0.0009752953967785304,-0.004718728996992216,-0.0008493712194585989,-0.011575424829858516,-0.0013890509795830219,-0.0075915075014274525,-0.0006073206001141962,-0.015108954813931041,-0.0009065372888358625,-0.013217469557636585,-0.0003965240867290975,0.0030626319864504484,-0.003173508777942247,0.0030626319864504484
2025-02-28,-0.01864489100711675,-0.008187707975168212,-0.0028656977913088743,-0.041809757707017114,-0.007525756387263081,-0.020910491939626685,-0.002509259032755202,-0.02624428130550005,-0.002099542504440004,-0.039218948833743106,-0.0023531369300245865,-0.024993587734047695,-0.0007498076320214309,-0.0005416907293035698,-0.01810320027781318,-0.0005416907293035698
2025-03-03,-0.00024407110604895976,-0.004765775772731962,-0.0016680215204561864,0.00793578485622315,0.0014284412741201668,-0.0003697762853474007,-4.437315424168808e-05,0.0019264534711673775,0.00015411627769339021,0.0019294000565894809,0.00011576400339536885,0.015442924509918576,0.00046328773529755727,-0.0006932857218575684,0.0004492146158086086,-0.0006932857218575684
2025-03-04,-0.0016569240437083188,0.0027206048929320215,0.0009522117125262074,-0.008972615577258258,-0.0016150708039064864,0.007734848977157149,0.0009281818772588579,-0.00516671211824371,-0.0004133369694594968,-0.013095142454408015,-0.0007857085472644809,0.024697517774728617,0.0007409255332418585,-0.0014641268461047783,-0.0001927971976035404,-0.0014641268461047783
2025-03-05,0.011531677583985545,0.005073043535937183,0.001775565237578014,0.021336241296565417,0.003840523433381775,0.02844987375637209,0.0034139848507646507,0.014940350425785676,0.001195228034062854,0.0260271742347995,0.00156163045408797,0.028006929163350458,0.0008402078749005137,-0.001095462300790235,0.01262713988477578,-0.001095462300790235
2025-03-06,0.009284918051868374,0.002840794845117456,0.0009942781957911096,0.0019174045171950205,0.00034513281309510367,0.020270454943736915,0.0024324545932484297,0.01191908594339619,0.0009535268754716953,0.007835358890211142,0.00047012153341266847,0.0050461807516439805,0.0001513854225493194,0.003938018618300047,0.005346899433568327,0.003938018618300047
2025-03-07,0.0003459793210820461,-0.002677486288679032,-0.0009371202010376611,-0.008516121252159614,-0.0015329018253887304,0.0018468413812231521,0.00022162096574677824,2.8907136786715526e-05,2.3125709429372423e-06,0.0023855303272470874,0.00014313181963482524,0.029617545767627318,0.0008885263730288195,0.0015604096181550775,-0.0012144302970730314,0.0015604096181550775
2025-03-10,-0.004088238554484036,-0.005787927212742905,-0.002025774524460017,-0.004654889087781777,-0.0008378800358007199,-0.015296436284247927,-0.0018355723541097512,0.002208441410781692,0.00017667531286253536,-0.012227685307262925,-0.0007336611184357755,-0.008282867403703875,-0.00024848602211111623,0.0014164601875708074,-0.0055046987420548435,0.0014164601875708074
2025-03-11,0.0016740649056334878,-0.007525385342868174,-0.0026338848700038606,-0.0064896770834440565,-0.0011681418750199301,0.005125837800538102,0.0006151005360645722,-0.001056600726064616,-8.452805808516928e-05,-0.003380266759184236,-0.00020281600555105417,-0.004402353839189854,-0.00013207061517569562,0.005280405793404625,-0.003606340887771138,0.005280405793404625
2025-03-12,-0.0012178914476462799,0.004235804985795344,0.0014825317450283702,-0.029129601257750548,-0.005243328226395098,0.0023090871239388466,0.0002770904548726616,0.00011164269717212072,8.931415773769657e-06,0.004885737562642989,0.0002931442537585793,-0.0037977730429433754,-0.00011393319128830126,0.002077672100603739,-0.003295563548250019,0.002077672100603739
2025-03-13,-0.003262054693932037,7.80329049152595e-05,2.731151672034082e-05,-0.005181675348692516,-0.0009327015627646529,-0.0016584589333222821,-0.00019901507199867385,-0.001501234187721634,-0.00012009873501773072,-0.011049524386899434,-0.000662971463213966,0.012286903217146206,0.0003686070965143862,-0.0017431864741717408,-0.0015188682197602964,-0.0017431864741717408
2025-03-17,0.004980533280945831,0.006112100606736615,0.002139235212357815,0.0004069485777562498,7.325074399612497e-05,0.005626846234475735,0.0006752215481370882,-0.002045133651700781,-0.0001636106921360625,0.009102828882872283,0.0005461697329723369,0.0010431584716845688,3.1294754150537065e-05,0.0016789719814679915,0.00330156129947784,0.0016789719814679915
2025-03-18,0.014463264286110888,0.01986075652244934,0.006951264782857269,0.013342206922506428,0.002401597246051157,0.01596170580366807,0.0019154046964401682,0.013556254545068258,0.0010845003636054606,0.023807744507898576,0.0014284646704739146,0.021512593168250493,0.0006453777950475147,3.665473163540385e-05,0.014426609554475485,3.665473163540385e-05
2025-03-19,0.003210083076774728,0.007869896277970856,0.002754463697289799,-0.010809858722232835,-0.0019457745700019102,0.01770685983429443,0.0021248231801153316,-0.005543592186755597,-0.0004434873749404478,0.0039816434698456415,0.0002388986081907385,0.04848191437858773,0.0014544574313576318,-0.0009732978952364151,0.004183380972011143,-0.0009732978952364151
2025-03-20,0.012356161273987754,0.007248111768800802,0.0025368391190802807,0.01250983477576706,0.0022517702596380708,0.008125846760582478,0.0009751016112698974,0.012911978936112734,0.0010329583148890188,0.014238138793123634,0.0008542883275874179,0.017933707124010656,0.0005380112137203197,0.004167192427802748,0.008188968846185005,0.004167192427802748
2025-03-21,0.006888552067320308,0.010600674951585898,0.003710236233055064,0.000712987691078748,0.00012833778439417466,0.01436317935338427,0.0017235815224061124,0.0024244247312132927,0.00019395397849706342,0.006148531312650141,0.0003689118787590084,0.012190676764813002,0.00036572030294439005,0.0003978103672644959,0.006490741700055812,0.0003978103672644959
2025-03-24,0.013188210908592346,0.021967227047716475,0.007688529466700766,0.014011192606558698,0.0025220146691805655,0.014337543931973062,0.0017205052718367675,0.004655942460326745,0.00037247539682613964,0.008397683397683542,0.0005038610038610125,0.034050896286811794,0.0010215268886043538,-0.000640701788417259,0.013828912697009605,-0.000640701788417259
2025-03-25,0.0004353642582852757,-0.001876029277661062,-0.0006566102471813717,0.013161978179355938,0.002369156072284069,-0.0133294065675158,-0.001599528788101896,-0.001905781685146768,-0.00015246253481174143,-0.009166450154293626,-0.0005499870092576175,-0.018264133421042494,-0.0005479240026312748,0.0015727207679851083,-0.0011373565096998326,0.0015727207679851083
2025-03-26,-0.0076810464475161044,-0.0077303981266451105,-0.0027056393443257885,-0.009817831749626804,-0.0017672097149328246,-0.008865036534696058,-0.001063804384163527,-0.0026876812726208676,-0.00021501450180966942,0.00023921684086558592,1.4353010451935154e-05,0.005344684876433581,0.0001603405462930074,-0.0021040720590292375,-0.005576974388486867,-0.0021040720590292375
2025-03-27,0.004474844434225966,0.0071637798043311385,0.0025073229315158985,0.0056673460696849975,0.0010201222925432995,0.014381696952905143,0.0017258036343486172,0.005437028789265552,0.0004349623031412442,-0.010396545063193319,-0.0006237927037915991,-0.0009487740427966962,-2.8463221283900886e-05,-0.0005611108022475931,0.005035955236473559,-0.0005611108022475931
2025-03-28,-0.003077320865803923,-0.00021327811369076244,-7.464733979176685e-05,-0.017634619942846985,-0.0031742315897124573,-0.003305826835238612,-0.00039669922022863343,0.005878753524061198,0.0004703002819248958,-0.010282686744048197,-0.0006169612046428918,0.0036574263020749953,0.00010972278906224986,0.0006051954175846806,-0.0036825162833886036,0.0006051954175846806
2025-04-01,-0.015036555006834651,-0.014299469502965678,-0.005004814326037987,-0.024548509399869634,-0.004418731691976534,-0.008413361293474142,-0.001009603355216897,-0.009107143523580996,-0.0007285714818864797,-0.0028292362236153057,-0.00016975417341691835,-0.009047686075790873,-0.00027143058227372616,-0.003433649396026108,-0.011602905610808543,-0.003433649396026108
2025-04-02,0.007193825353863481,0.010241503123309181,0.003584526093158213,0.008417024150480845,0.001515064347086552,0.005243450193231025,0.000629214023187723,0.011315069654013188,0.0009052055723210551,0.008175086236328788,0.0004905051741797273,-0.0006313081493990458,-1.8939244481971373e-05,8.82493884121812e-05,0.0071055759654513,8.82493884121812e-05
2025-04-03,-0.003525148559832214,0.00485510160561109,0.0016992855619638813,-0.042064574806730315,-0.007571623465211457,0.002871768513344586,0.0003446122216013503,0.001939384685285317,0.00015515077482282537,-0.011436859055951043,-0.0006862115433570625,0.020775262355793078,0.0006232578706737923,0.0019103800196744562,-0.00543552857950667,0.0019103800196744562
2025-04-04,-0.014866602724289302,-0.0018343965339305823,-0.0006420387868757038,-0.03584432024973205,-0.006451977644951769,-0.037273762060560545,-0.004472851447267265,0.0004451114404790957,3.560891523832765e-05,-0.026972689472689382,-0.001618361368361363,-0.03142985333250825,-0.0009428955999752475,-0.0007740867920962811,-0.01409251593219302,-0.0007740867920962811
2025-04-07,-0.03243256223135693,-0.0318934735460471,-0.011162715741116484,-0.02514368244836096,-0.004525862840704973,-0.027681227154127908,-0.0033217472584953487,-0.010951928917885101,-0.0008761543134308081,-0.0377601289749262,-0.0022656077384955718,-0.046058989369773706,-0.001381769681093211,-0.00889870465802053,-0.0235338575733364,-0.00889870465802053
2025-04-08,0.0168873186051548,0.013054526565329905,0.004569084297865466,0.017619257517876408,0.003171466353217753,0.014394603774365633,0.0017273524529238758,0.019892507956721373,0.0015914006365377099,0.01628014362457786,0.0009768086174746715,0.024430267410123774,0.0007329080223037132,0.004118298224831611,0.012769020380323189,0.004118298224831611
2025-04-09,-0.006065890569914023,-0.0053621983330363054,-0.0018767694165627068,-0.021869848756482346,-0.003936572776166822,-0.009658970557085311,-0.0011590764668502373,0.01776234916045505,0.001420987932836404,0.00011172823720162484,6.70369423209749e-06,-0.0019941157240928042,-5.9823471722784125e-05,-0.00046134006567997467,-0.005604550504234048,-0.00046134006567997467
2025-04-11,0.0191703703042303,0.015171133047970464,0.005309896566789662,0.006873253816808589,0.0012371856870255458,0.02700184892082902,0.003240221870499482,0.008619418345328533,0.0006895534676262827,0.020270203173720525,0.0012162121904232314,0.026679550591241163,0.0008003865177372349,0.0066769140041288595,0.01249345630010144,0.0066769140041288595
2025-04-15,0.021902398531663314,0.027001696980629264,0.009450593943220242,0.016323644621321742,0.0029382560318379136,0.021457155110440773,0.0025748586132528927,0.0027959620459587775,0.0002236769636767022,0.03394626897630748,0.0020367761385784488,0.04355767543509814,0.0013067302630529443,0.0033715065780441714,0.018530891953619143,0.0033715065780441714
2025-04-16,0.004657383335012311,0.014094254431600062,0.004932989051060021,0.0006070568860385706,0.00010927023948694269,0.010582498025315079,0.0012698997630378095,0.008026377110021299,0.0006421101688017039,-0.004254878519452943,-0.00025529271116717653,0.006917109336186833,0.00020751328008560498,-0.0022491064562925956,0.006906489791304906,-0.0022491064562925956
2025-04-17,0.017683426347857356,0.02207265932762592,0.007725430764669072,0.0023081197158774103,0.0004154615488579338,0.010180261769620058,0.0012216314123544068,0.005831866197183011,0.0004665492957746409,0.01027141493113004,0.0006162848958678024,0.0024366175800820677,7.309852740246203e-05,0.007164969902931037,0.010518456444926319,0.007164969902931037
2025-04-21,0.011483482274811108,0.018682929884214827,0.006539025459475189,0.02285424910142697,0.004113764838256854,0.024950070271469782,0.002994008432576374,-0.009598723934347575,-0.0007678979147478061,0.021190187665804272,0.0012714112599482563,0.020513247665851386,0.0006153974299755416,-0.0032822272306733003,0.014765709505484408,-0.0032822272306733003
2025-04-22,0.0017284580040661801,0.006196602446455479,0.0021688108562594177,-0.005683307919572389,-0.00102299542552303,-0.0035911462655976445,-0.0004309375518717173,0.01894880118011355,0.001515904094409084,0.0035599743425271946,0.00021359846055163167,0.008265934555168108,0.00024797803665504325,-0.0009639004664142494,0.0026923584704804295,-0.0009639004664142494
2025-04-23,0.00669087297892812,-0.004980484193274681,-0.0017431694676461383,0.043416452938256134,0.007814961528886104,0.006915563204104913,0.0008298675844925895,0.005317009885686952,0.0004253607908549562,0.023774522112702368,0.001426471326762142,0.006792558358600154,0.00020377675075800461,-0.0022663955351795387,0.008957268514107658,-0.0022663955351795387
2025-04-24,-0.003380745983694311,-0.003045870466073297,-0.0010660546631256539,-0.0030368788058050544,-0.0005466381850449097,-0.0008142701564234356,-9.771241877081227e-05,-0.010615170293175935,-0.0008492136234540749,-0.0025374089442551373,-0.00015224453665530822,-0.0015350091735072402,-4.6050275205217205e-05,-0.0006228322814383351,-0.002757913702255976,-0.0006228322814383351
2025-04-25,-0.008551679197581596,-0.00973435456347116,-0.0034070240972149056,0.007226591818642714,0.0013007865273556884,-0.022180307687877487,-0.002661636922545298,-0.0062438969510904,-0.000499511756087232,-0.0166781788796716,-0.0010006907327802961,-0.027701926103794516,-0.0008310577831138355,-0.0014525444331957172,-0.007099134764385879,-0.0014525444331957172
2025-04-28,0.012028195437896683,0.014063173145787866,0.004922110601025753,-0.0022298926530239793,-0.0004013806775443163,0.01714988293846531,0.0020579859526158374,0.0015557464000701682,0.00012445971200561345,0.016297256132215,0.0009778353679328999,0.040997492715321604,0.0012299247814596482,0.003117259700401248,0.008910935737495435,0.003117259700401248
2025-04-29,0.00030622520911682827,-0.0007495562194225203,-0.0002623446767978821,0.012328456343116967,0.002219122141761054,-0.0028981856662858574,-0.0003477822799543029,-0.00257504817176879,-0.0002060038537415032,-0.0024113148376389004,-0.000144678890258334,0.05029727032070497,0.001508918109621149,-0.002461005341513353,0.002767230550630181,-0.002461005341513353
2025-04-30,-7.191007542339811e-05,-0.00549003678378801,-0.0019215128743258036,-0.0034924444048508585,-0.0006286399928731545,-0.005724656092337854,-0.0006869587310805424,-0.0005161621616835976,-4.129297293468781e-05,0.00041930037378290486,2.515802242697429e-05,-0.018152769743547403,-0.0005445830923064221,0.003725919565670238,-0.003797829641093636,0.003725919565670238
2025-05-02,0.0005136803346730279,0.0005119161183686494,0.00017917064142902728,0.0027070857760662648,0.00048727543969192763,-0.003003656371197594,-0.00036043876454371125,-0.003421008107842294,-0.0002736806486273835,-0.0009816929945671848,-5.890157967403109e-05,-0.012673942318482845,-0.0003802182695544853,0.0009204735159516841,-0.0004067931812786563,0.0009204735159516841
2025-05-05,0.004700842413961626,-0.0035534565234548454,-0.0012437097832091958,0.0027694309432364506,0.0004984975697825611,0.013030646992054473,0.0015636776390465367,0.012158624766120507,0.0009726899812896406,0.018517936867610496,0.0011110762120566298,0.017795111139526476,0.0005338533341857943,0.0012647574608096587,0.003436084953151967,0.0012647574608096587
2025-05-06,-0.00333385797478869,-0.011800908602591087,-0.0041303180109068804,-0.003391102003959423,-0.0006103983607126961,-0.023493794746642926,-0.002819255369597151,-0.0009273537749269201,-7.41883019941536e-05,0.0016916895749627958,0.00010150137449776775,-0.021357678294736004,-0.0006407303488420801,0.004839531042766503,-0.008173389017555193,0.004839531042766503
2025-05-07,0.0014274229273656402,0.006255596870543334,0.0021894589046901666,0.0014246205658337008,0.00025643170185006613,0.00820079890794223,0.0009840958689530676,-0.0051535245783480566,-0.0004122819662678445,0.016558475828583497,0.0009935085497150098,-0.010091716946952545,-0.00030275150840857634,-0.002281038623166249,0.0037084615505318893,-0.002281038623166249
2025-05-08,-0.005758896389016388,-0.004490861714419703,-0.001571801600046896,0.00228700762521461,0.0004116613725386298,-0.015075753236969636,-0.0018090903884363562,-0.010064454565936742,-0.0008051563652749394,-0.01903383648941548,-0.0011420301893649287,-0.008710437395082038,-0.0002613131218524611,-0.0005811660965794364,-0.005177730292436952,-0.0005811660965794364
2025-05-09,-0.010950077861727414,-0.014170712573104538,-0.004959749400586588,-0.003398379832483589,-0.000611708369847046,-0.005880467276481727,-0.0007056560731778072,-0.006920656114614676,-0.0005536524891691741,-0.0020441780618017935,-0.0001226506837081076,0.03044552656443056,0.0009133657969329168,-0.004910026642171608,-0.006040051219555806,-0.004910026642171608
2025-05-12,0.038183105631456105,0.033353702053819934,0.011673795718836977,0.06695772865738969,0.012052391158330145,0.0418972000041995,0.005027664000503939,0.026394406197760345,0.0021115524958208276,0.03414605043353758,0.0020487630260122547,0.006968591963548931,0.00020905775890646793,0.005059881473045494,0.03312322415841061,0.005059881473045494
2025-05-13,-0.013895854313191403,-0.007980809943872513,-0.0027932834803553793,-0.02423950337686498,-0.004363110607835696,-0.00532758685218937,-0.0006393104222627244,-0.013436623270182468,-0.0010749298616145975,-0.009965620319267399,-0.0005979372191560439,0.04119299277844313,0.0012357897833532938,-0.005663072505320256,-0.008232781807871146,-0.005663072505320256
2025-05-14,0.003602764221357635,-0.002540004386535677,-0.0008890015352874869,0.013357123352947253,0.0024042822035305056,0.014226068583254259,0.001707128229990511,0.0003115339452177679,2.4922715617421433e-05,0.008183966590769254,0.0004910379954461552,0.03159813788278343,0.0009479441364835028,-0.0010835495244229743,0.004686313745780609,-0.0010835495244229743
2025-05-15,0.016021470067175025,0.010114723555827876,0.0035401532445397564,0.011630349068977752,0.0020934628324159954,0.009183593387698696,0.0011020312065238434,0.005931498073704855,0.00047451984589638843,0.019180668626120445,0.0011508401175672268,0.02624800286934681,0.0007874400860804042,0.006873022734151413,0.009148447333023613,0.006873022734151413
2025-05-16,-0.0016878074862042292,-1.2645513732922886e-05,-4.42592980652301e-06,-0.008394309261551602,-0.0015109756670792884,0.008547177734637312,0.0010256613281564774,0.00663039077584493,0.0005304312620675944,0.006229822914238126,0.0003737893748542875,0.05600177924636207,0.001680053377390862,-0.0037823412317876393,0.00209453374558341,-0.0037823412317876393
2025-05-19,-0.0029716464560067823,0.0011886933225422336,0.00041604266288978173,-0.01302395032174719,-0.0023443110579144943,0.0007304120589488594,8.764944707386312e-05,-0.0018593875412273864,-0.0001487510032981909,0.004151854766492047,0.0002491112859895228,-0.01256446206892392,-0.0003769338620677176,-0.0008544539286795471,-0.002117192527327235,-0.0008544539286795471
2025-05-20,-0.010484878003804265,-0.009804098468622735,-0.003431434464017957,-0.005184402499613161,-0.0009331924499303689,-0.007164301214456881,-0.0008597161457348256,-0.013158472286355805,-0.0010526777829084643,-0.021677490167383073,-0.0013006494100429845,-0.023772814528169706,-0.0007131844358450911,-0.0021940233153245736,-0.008290854688479692,-0.0021940233153245736
2025-05-21,0.005248360267218644,0.0036034903288879594,0.0012612216151107857,0.006882401062132004,0.0012388321911837607,0.005981349027730953,0.0007177618833277144,0.003681085288557817,0.00029448682308462536,0.007177704494458315,0.00043066226966749884,0.03407743111477335,0.0010223229334432003,0.000283072551401059,0.0049652877158175845,0.000283072551401059
2025-05-22,-0.008211272515510792,-0.0024294100237675087,-0.000850293508318628,-0.013052708969874871,-0.0023494876145774765,-0.0081353041341371,-0.000976236496096452,-0.014448758844347487,-0.001155900707547799,-0.010134978333424582,-0.000608098700005475,0.020657639765051083,0.0006197291929515325,-0.0028909846819164947,-0.005320287833594298,-0.0028909846819164947
2025-05-23,0.009892440785543855,0.008317058387770082,0.0029109704357195287,0.009539785317718597,0.0017171613571893474,0.007941827808276125,0.0009530193369931349,0.016259563060215143,0.0013007650448172115,0.0023593450952474893,0.00014156070571484934,0.00014194883927265423,4.2584651781796265e-06,0.002864705439931603,0.007027735345612252,0.002864705439931603
2025-05-26,0.005954979549875894,0.0031363806618440737,0.0010977332316454258,0.010222291734340638,0.0018400125121813147,0.006866285611666134,0.000823954273399936,0.009692568676711533,0.0007754054941369226,0.010542095023442277,0.0006325257014065366,0.011744599317559556,0.0003523379795267867,0.0004330103575789727,0.005521969192296921,0.0004330103575789727
2025-05-27,-0.00699767810680707,-0.003944432447995361,-0.0013805513567983763,-0.007527940316361503,-0.0013550292569450705,-4.737672297983053e-05,-5.685206757579664e-06,-0.008801097989998174,-0.000704087839199854,-0.0069961263553022235,-0.00041976758131813337,0.010637986965543522,0.0003191396089663057,-0.003451696474754362,-0.0035459816320527085,-0.003451696474754362
2025-05-28,-0.0029706519725128944,0.0011598329262476614,0.00040594152418668147,-0.0009519631907565218,-0.0001713533743361739,0.00021320535438085209,2.5584642525702248e-05,-0.014921057657619419,-0.0011936846126095536,-0.006774194915433851,-0.00040645169492603106,0.00912639888956357,0.00027379196668690707,-0.0019044804240404265,-0.0010661715484724678,-0.0019044804240404265
2025-05-29,0.0032784633440325894,0.0023287077972464765,0.0008150477290362667,0.007697697230136802,0.0013855855014246242,0.0027905836262538397,0.00033487003515046075,-0.0013176827095434662,-0.0001054146167634773,0.005064630574240336,0.00030387783445442014,0.0072557211877375405,0.0002176716356321262,0.0003268252250981686,0.002951638118934421,0.0003268252250981686
2025-05-30,-0.0033382191869080202,0.0036663273086023906,0.0012832145580108367,-0.01145304555922999,-0.0020615482006613984,-0.003046789686762641,-0.0003656147624115169,-0.006245680198524339,-0.0004996544158819471,-0.009770438215722321,-0.0005862262929433392,-0.011590393117457354,-0.0003477117935237206,-0.000760678279496935,-0.002577540907411085,-0.000760678279496935
2025-06-02,-0.0013777388114276645,0.0027569655083345967,0.0009649379279171088,-0.006963767776162699,-0.001253478199709286,0.0015259601355108732,0.0001831152162613048,0.0081317945842303,0.000650543566738424,6.216345988963035e-05,3.7298075933778205e-06,0.0012146541401860667,3.6439624205582e-05,-0.0019630267544341762,0.0005852879430065116,-0.0019630267544341762
2025-06-03,-0.007043849073092523,-0.005428113495780318,-0.0018998397235231112,-0.006663185998540211,-0.0011993734797372379,-0.010691883407822234,-0.001283026008938668,-0.00487596566100057,-0.0003900772528800456,-0.0025013878737345507,-0.00015008327242407304,0.011148611741977899,0.0003344583522593369,-0.0024559076878487244,-0.0045879413852437986,-0.0024559076878487244
2025-06-04,0.0031659366405216716,0.001383094768970139,0.0004840831691395486,0.003346471129895612,0.0006023648033812101,0.005192744784751513,0.0006231293741701815,0.001257645039379085,0.0001006116031503268,0.0027461783425801745,0.00016477070055481046,0.008580591600231946,0.00025741774800695837,0.0009335592421186359,0.0022323773984030356,0.0009335592421186359
2025-06-05,0.005308648995540288,0.0015087060420981846,0.0005280471147343646,0.004598233260508788,0.0008276819868915818,0.0025367854884117413,0.00030441425860940893,0.001835025945177815,0.00014680207561422522,-0.0011314641317297092,-6.788784790378254e-05,0.023154856205354957,0.0006946456861606487,0.0028749457214338418,0.0024337032741064465,0.0028749457214338418
2025-06-06,0.010187508333030282,0.014661720544073553,0.005131602190425744,0.005036656565506892,0.0009065981817912405,0.0027690276442191575,0.00033228331730629886,0.003060264288198722,0.00024482114305589774,0.015236289056130836,0.0009141773433678502,-0.017048898489072983,-0.0005114669546721895,0.0031694931117554406,0.007018015221274841,0.0031694931117554406
2025-06-09,0.004005511327618061,0.004616602802482772,0.00161581098086897,0.010037578915051304,0.0018067642047092346,0.011934901549240706,0.0014321881859088847,0.004003390516946315,0.0003202712413557052,0.004896180683225504,0.00029377084099353024,-0.0020853888241098018,-6.256166472329405e-05,-0.0014007324614949699,0.005406243789113031,-0.0014007324614949699
2025-06-10,4.182733675395234e-05,-0.0037034039648413675,-0.0012961913876944784,0.016744449045904775,0.0030140008282628595,0.004468706674588985,0.0005362448009506781,0.003082491910020524,0.0002465993528016419,-0.0007633379105570492,-4.580027463342295e-05,0.010701525739837736,0.00032104577219513206,-0.0027340717551284574,0.0027758990918824097,-0.0027340717551284574
2025-06-11,0.0014798291126005836,-0.00299051194527189,-0.0010466791808451613,0.012646230608656328,0.002276321509558139,0.002997377807901991,0.0003596853369482389,-0.006729681060805626,-0.00053837448486445,0.0019445262847763711,0.00011667157708658226,-0.020453875953912126,-0.0006136162786173638,0.0009258206333345982,0.0005540084792659853,0.0009258206333345982
2025-06-12,-0.010071038207896121,-0.006680865572376682,-0.0023383029503318384,-0.008353895777415077,-0.0015037012399347137,-0.019286164801349925,-0.002314339776161991,-0.012835763141205936,-0.0010268610512964749,-0.016525801085477188,-0.0009915480651286313,-0.017164386593053638,-0.0005149315977916091,-0.0013813535272508629,-0.008689684680645259,-0.0013813535272508629
2025-06-13,-0.0068144743292002374,-0.009899692506849411,-0.0034648923773972938,0.00023270749318116124,4.188734877260902e-05,-0.004950116027044538,-0.0005940139232453445,-0.010470182799464989,-0.0008376146239571991,-0.003605019690924971,-0.00021630118145549824,0.01512597279634198,0.0004537791838902594,-0.00219731875580777,-0.004617155573392468,-0.00219731875580777
2025-06-16,0.009219777819132302,0.007519717760707145,0.0026319012162475007,0.015695653021569278,0.00282521754388247,0.007551646519149635,0.0009061975822979561,0.0063482136880435025,0.0005078570950434803,0.0017511595805790314,0.00010506957483474188,0.008297693252650173,0.00024893079757950517,0.0019946040092466474,0.007225173809885655,0.0019946040092466474
2025-06-17,-0.0037319864510051426,-0.004124594020187722,-0.0014436079070657025,0.0072441235071230015,0.0013039422312821401,-0.004844427103798954,-0.0005813312524558745,-0.002998726156436815,-0.00023989809251494522,-0.006031688295015658,-0.00036190129770093945,0.0038355020841440712,0.00011506506252432213,-0.002524255195074143,-0.0012077312559309993,-0.002524255195074143
2025-06-18,-0.0016637562667483063,0.0020569280873889983,0.0007199248305861494,-0.00826301386570305,-0.001487342495826549,-0.004700580421922007,-0.0005640696506306408,-0.004685722119404989,-0.00037485776955239916,0.0036616395362354393,0.00021969837217412634,-0.0045793977670519626,-0.00013738193301155886,-3.9727620487434254e-05,-0.001624028646260872,-3.9727620487434254e-05
2025-06-19,-0.000757696361243787,-0.004501265029218882,-0.0015754427602266085,-0.009375904731891982,-0.0016876628517405567,-0.011038044384882206,-0.0013245653261858648,-0.0031017916565660997,-0.000248143332525288,0.005246146355901704,0.00031476878135410223,-0.015127909864751987,-0.0004538372959425596,0.004217186424022988,-0.004974882785266775,0.004217186424022988
2025-06-20,0.01287245520454161,0.012152410734929342,0.004253343757225269,0.008444340416837504,0.0015199812750307507,0.009251896234746093,0.0011102275481695311,0.006400655816223955,0.0005120524652979163,0.01044180305658493,0.0006265081833950958,0.018873655975607084,0.0005662096792682126,0.0042841322961548346,0.008588322908386776,0.0042841322961548346
2025-06-23,-0.005594845574297902,-0.003439825715497058,-0.0012039390004239701,-0.01480709232408639,-0.00266527661833555,0.00024578513603845664,2.9494216324614796e-05,-0.0073969059663065995,-0.000591752477304528,-0.009214779966510767,-0.0005528867979906459,0.021359179609492962,0.0006407753882847889,-0.0012512602848526108,-0.004343585289445291,-0.0012512602848526108
2025-06-24,0.0029012610173835274,0.007180782509965011,0.002513273878487754,0.0001002236158076375,1.804025084537475e-05,0.003316581926734896,0.0003979898312081875,0.0022027833075313197,0.00017622266460250556,0.00584370331377615,0.00035062219882656896,-0.024206073824394436,-0.000726182214731833,0.00017129440814496986,0.0027299666092385575,0.00017129440814496986
2025-06-25,0.008001804798287937,0.0028204860268605803,0.000987170109401203,0.01635563584209998,0.0029440144515779964,0.0026170646610901294,0.00031404775933081553,0.007377687165455615,0.0005902149732364493,0.009727416227898189,0.0005836449736738913,-0.02002585073177887,-0.0006007755219533662,0.003183488053020948,0.004818316745266989,0.003183488053020948
2025-06-26,0.012052010814129765,0.010341541985636082,0.0036195396949726287,-0.0012818115929038587,-0.00023072608672269456,0.010009617384434177,0.0012011540861321013,0.006786642251437325,0.000542931380114986,0.005619486482176361,0.00033716918893058164,0.003709185994943187,0.00011127557984829561,0.006470666970853868,0.005581343843275898,0.006470666970853868
2025-06-27,0.0034756741946846414,0.004146367470943213,0.0014512286148301245,-0.004444017052921856,-0.0007999230695259341,0.01004723721706724,0.0012056684660480686,-0.00017779777498794225,-1.422382199903538e-05,0.001930163552669395,0.00011580981316016369,0.008607481623026825,0.0002582244486908047,0.0012588897434804495,0.002216784451204192,0.0012588897434804495
2025-06-30,-0.00470984249818629,-0.0022830970738407785,-0.0007990839758442725,0.0032725488403122505,0.000589058791256205,0.0007128666268958472,8.554399522750166e-05,-0.004084632274220179,-0.00032677058193761435,-0.005639798483419112,-0.0003383879090051467,0.00933622352318686,0.00028008670569560577,-0.004200289523578569,-0.0005095529746077211,-0.004200289523578569
2025-07-01,0.0009699397069802274,0.002559639870709285,0.0008958739547482497,-0.0030000000000000027,-0.0005400000000000004,-0.0024214730376976856,-0.0002905767645237223,-0.0069410154890596765,-0.0005552812391247742,-0.00203371654892337,-0.0001220229929354022,0.004492469336219385,0.00013477408008658154,0.0014471726687292953,-0.00047723296174906793,0.0014471726687292953
2025-07-02,-0.003460993352073727,-0.008009996615004122,-0.0028034988152514425,0.0011832673888159118,0.0002129881299868641,-0.004080306797404565,-0.0004896368156885477,-0.001160487643329433,-9.283901146635465e-05,0.003183764271323053,0.00019102585627938317,-0.005235543334923265,-0.00015706630004769795,-0.00032196639588593116,-0.0031390269561877957,-0.00032196639588593116
2025-07-03,-0.0018897278948981633,-0.0036360159440834705,-0.0012726055804292147,-0.0006378748479258789,-0.0001148174726266582,0.0008683984173405435,0.00010420781008086521,0.00139695846964627,0.0001117566775717016,0.004397517139228979,0.00026385102835373874,-0.0007897468297305421,-2.3692404891916262e-05,-0.0009584279529566797,-0.0009312999419414836,-0.0009584279529566797
2025-07-04,0.002192455904870272,0.00422507063060884,0.001478774720713094,0.008036433547895516,0.001446558038621193,0.004037092853135471,0.0004844511423762565,0.004032779517845642,0.0003226223614276513,-0.001022705733609075,-6.13623440165445e-05,0.009467515750965383,0.00028402547252896147,-0.0017626134867803397,0.0039550693916506115,-0.0017626134867803397
2025-07-07,1.1782726522913123e-05,-0.0014500656650050514,-0.0005075229827517679,-0.007649384487528388,-0.0013768892077551098,0.0006244932839583051,7.49391940749966e-05,0.016757832196961475,0.001340626575756918,-0.0015220763623625677,-9.132458174175406e-05,-0.010720936865594055,-0.00032162810596782167,0.0008935818349074523,-0.0008817991083845391,0.0008935818349074523
2025-07-08,0.002403647889149374,0.005392525268133719,0.0018873838438468015,0.002992259490389726,0.0005386067082701506,0.002010544064994235,0.0002412652877993082,-0.0026746159450953266,-0.00021396927560762613,-0.00380055045335137,-0.0002280330272010822,-0.00013567600569852623,-4.0702801709557866e-06,0.00018246463221277803,0.002221183256936596,0.00018246463221277803
2025-07-09,-0.0018180037222059742,-0.0007466427275252263,-0.0002613249546338292,-0.00775717776224405,-0.0013962919972039288,-0.002413548654108477,-0.00028962583849301727,0.007966993369847186,0.0006373594695877749,0.003836011554150698,0.00023016069324904186,0.001905375760454131,5.716127281362393e-05,-0.0007954423675256396,-0.0010225613546803345,-0.0007954423675256396
2025-07-10,-0.004743661706462121,-0.004501556012518115,-0.0015755446043813402,-0.007864356651934967,-0.001415584197348294,-0.0019127815430957096,-0.00022953378517148515,-0.005684032159467445,-0.0004547225727573956,-0.0011505821820552153,-6.903493092331291e-05,-0.02025902203662422,-0.0006077706610987265,-0.00039147095478156684,-0.004352190751680554,-0.00039147095478156684
2025-07-11,-0.008100886404196372,-0.003534307184493324,-0.0012370075145726632,-0.017807703382134776,-0.0032053866087842597,-0.00959732657661061,-0.001151679189193273,0.005070270114797992,0.0004056216091838394,-0.01768836615189706,-0.0010613019691138236,-0.019405005327880698,-0.0005821501598364209,-0.001268982571879772,-0.0068319038323166005,-0.001268982571879772
2025-07-14,-0.00268590071113739,0.0001876496572090769,6.567738002317691e-05,-0.011130640101344458,-0.002003515218242002,0.0028588960284339215,0.0003430675234120706,0.0020631279595422214,0.0001650502367633777,0.0024772493168410126,0.00014863495901046075,-0.008511213185625421,-0.00025533639556876264,-0.0011494791965357114,-0.0015364215146016786,-0.0011494791965357114
2025-07-15,0.004525103359739768,0.004250832594179466,0.0014877914079628129,0.004048430931192781,0.0007287175676147006,0.00296814595156758,0.00035617751418810957,0.007201172321224636,0.0005760937856979708,0.014998726222826164,0.0008999235733695698,0.004419509825411394,0.00013258529476234182,0.00034381421614426266,0.004181289143595506,0.00034381421614426266
2025-07-16,0.0006449487613013893,0.002847036266821368,0.0009964626933874788,0.006308684661960218,0.001135563239152839,0.0011677706322210657,0.00014013247586652788,0.004545531069546582,0.0003636424855637266,0.004429989228307729,0.00026579935369846374,-0.004748058014780954,-0.00014244174044342862,-0.0021142097459242184,0.0027591585072256077,-0.0021142097459242184
2025-07-17,-0.0039901555010400935,-0.005949908123203174,-0.0020824678431211104,-0.013864585629050796,-0.002495625413229143,0.0024029666390652515,0.00028835599668783015,0.0027784858751480623,0.000222278870011845,-0.00036024930084566087,-2.1614958050739653e-05,-0.009446597683983371,-0.00028339793051950114,0.0003823157771807263,-0.00437247127822082,0.0003823157771807263
2025-07-18,-0.005696604536974181,-0.00960428515119105,-0.003361499802916867,8.885645777767515e-05,1.5994162399981527e-05,-0.005669866143406921,-0.0006803839372088305,-0.005913651712918355,-0.00047309213703346844,-0.0045057806478492335,-0.000270346838870954,-0.023189585028478565,-0.000695687550854357,-0.000231588432489686,-0.005465016104484495,-0.000231588432489686
2025-07-21,0.004898191313820632,0.011899685517829495,0.0041648899312403224,-0.0029643111476675976,-0.0005335760065801675,0.00046644301322196213,5.597316158663545e-05,-0.005029474276592838,-0.00040235794212742707,0.006723346732595781,0.0004034008039557468,0.007815371046377972,0.00023446113139133915,0.0009754002343541832,0.003922791079466449,0.0009754002343541832
2025-07-22,-0.0011876910568456855,-0.003454618082533334,-0.0012091163288866667,-0.004667616302227118,-0.0008401709344008812,-0.001380744884967866,-0.00016568938619614392,-0.0038907772127627638,-0.00031126217702102114,-0.0074475161089171404,-0.0004468509665350284,0.0019386911707506282,5.8160735122518846e-05,0.0017272380010715373,-0.002914929057917223,0.0017272380010715373
2025-07-23,0.006344544689137255,0.008007082951582145,0.002802479033053751,0.0025122833291280067,0.00045221099924304116,0.00288547868005562,0.00034625744160667434,-0.005242487360266557,-0.00041939898882132454,0.008525350929914577,0.0005115210557948746,-0.005204321163632786,-0.00015612963490898356,0.0028076047831692213,0.0035369399059680335,0.0028076047831692213
2025-07-24,-0.00625696374688256,-0.0025240144064588854,-0.0008834050422606098,-0.022074881939839974,-0.0039734787491711955,-0.0070132041610943,-0.0008415844993313159,-0.011209766228357898,-0.0008967812982686318,0.0003280812644832487,1.9684875868994923e-05,-0.004432791683180448,-0.00013298375049541344,0.0004515847167756116,-0.006708548463658172,0.0004515847167756116
2025-07-25,-0.00898168948332334,-0.00941277694881637,-0.0032944719320857296,-0.014170158125736854,-0.0025506284626326337,-0.02213277445430928,-0.002655932934517113,-0.009183846668427531,-0.0007347077334742025,-0.012693411050636594,-0.0007616046630381956,-0.020511030267396646,-0.0006153309080218994,0.0016309871504464335,-0.010612676633769774,0.0016309871504464335
2025-07-28,-0.006284978056931179,-0.00785438952465023,-0.0027490363336275803,-0.00712165339134696,-0.0012818976104424528,-0.006494943334137027,-0.0007793932000964432,0.0028032271924030017,0.00022425817539224014,-0.0037234747104372135,-0.0002234084826262328,-0.019971362292017014,-0.0005991408687605104,-0.0008763597367701997,-0.005408618320160979,-0.0008763597367701997
2025-07-29,0.005680505978306938,0.0024445082366197912,0.0008555778828169268,9.047202364698137e-05,1.6284964256456645e-05,0.011111729777808055,0.0013334075733369664,0.0028903978316536794,0.00023123182653229436,0.008245051280969085,0.000494703076858145,-0.003560149296583326,-0.00010680447889749977,0.002856105133403648,0.0028244008449032896,0.002856105133403648
2025-07-30,0.0013677878901419138,-0.0012681868307780064,-0.0004438653907723022,0.003065876050405203,0.0005518576890729365,0.00032052458720110977,3.846295046413317e-05,0.0023546600863708633,0.00018837280690966906,-0.0059673439145022655,-0.0003580406348701359,0.002574002574002421,7.722007722007262e-05,0.0013137803921175405,5.4007498024373246e-05,0.0013137803921175405
2025-07-31,-0.003488224726966971,-0.0033614897053820814,-0.0011765213968837284,-0.005075856004644552,-0.0009136540808360194,-0.008635863819287715,-0.0010363036583145256,0.014390117120195445,0.0011512093696156357,-0.0037880383057214972,-0.00022728229834328983,-0.006686720441438476,-0.00020060161324315427,-0.0010850710489618887,-0.002403153678005082,-0.0010850710489618887
2025-08-01,-0.008195943613522938,-0.006153288082348829,-0.00215365082882209,-0.01846941781675615,-0.003324495207016107,-0.006468533708849145,-0.0007762240450618973,0.006896347838239558,0.0005517078270591647,-0.010352618908219258,-0.0006211571344931554,-0.020703135046164167,-0.000621094051384925,-0.001251030173803928,-0.00694491343971901,-0.001251030173803928
2025-08-04,0.006407399039704442,3.146486004435012e-05,1.1012701015522541e-05,0.01598142547100112,0.0028766565847802017,0.0009874172375246015,0.00011849006850295218,-0.001021405927891239,-8.171247423129913e-05,0.016084353689192366,0.0009650612213515419,0.025283628341824516,0.0007585088502547354,0.0017593820880307878,0.004648016951673654,0.0017593820880307878
2025-08-05,-0.00296083566755323,-0.0046584507010599685,-0.001630457745370989,-0.004796418522668988,-0.0008633553340804178,-0.00025913820083622863,-3.109658410034744e-05,-0.0072310746504477,-0.000578485972035816,0.003733053074093551,0.00022398318444561305,0.008529549253024182,0.00025588647759072547,-0.00033730969400199784,-0.002623525973551232,-0.00033730969400199784
2025-08-06,-0.003056850936426825,0.0009194322641246089,0.0003218012924436131,-0.017361457991408424,-0.003125062438453516,-0.006617613362967845,-0.0007941136035561413,-0.009023265995259488,-0.0007218612796207591,-0.005337929243643291,-0.00032027575461859745,-0.004895393504555701,-0.000146861805136671,0.0017295226525152465,-0.004786373588942071,0.0017295226525152465
2025-08-07,0.0008932132073475874,0.001985160026456878,0.0006948060092599073,0.008730256708180617,0.001571446207472511,-0.0020052849566144504,-0.00024063419479373403,0.001225765333835449,9.806122670683593e-05,0.002494857645738646,0.00014969145874431876,-0.004613205380158747,-0.0001383961614047624,-0.0012417613386374892,0.0021349745459850766,-0.0012417613386374892
2025-08-08,-0.009466928767307148,-0.009298258411434168,-0.0032543904440019587,-0.00945379361185028,-0.0017016828501330505,-0.006409293403209282,-0.0007691152083851138,-0.007189164263045167,-0.0005751331410436133,-0.014005737543104968,-0.000840344252586298,-0.024634457471426563,-0.0007390337241427969,-0.0015872291470143164,-0.007879699620292831,-0.0015872291470143164
2025-08-11,0.009101804763722576,0.009196453406878247,0.003218758692407386,0.004248731776094861,0.0007647717196970749,0.006350323258785817,0.0007620387910542981,0.007448869281861281,0.0005959095425489025,0.010611446816033432,0.0006366868089620059,0.01220441909068204,0.00036613257272046114,0.0027575066363324475,0.006344298127390129,0.0027575066363324475
2025-08-12,-0.003971926028216277,-0.008413685637466695,-0.002944789973113343,0.0037531137238329126,0.0006755604702899243,0.003787884260055163,0.00045454611120661955,-0.004980121099477763,-0.00039840968795822106,0.005599873544443801,0.00033599241266662805,-0.009674382365354006,-0.0002902314709606202,-0.0018045938903472648,-0.0021673321378690123,-0.0018045938903472648
2025-08-13,0.005388485506832019,0.0025025570592092095,0.0008758949707232233,0.0005378623360816626,9.681522049469925e-05,-6.044652713110832e-05,-7.253583255732998e-06,-0.00044154161620579835,-3.532332929646387e-05,0.011152050166411076,0.0006691230099846646,0.026297328306835066,0.000788919849205052,0.003000309368976577,0.002388176137855442,0.003000309368976577
2025-08-14,0.0004853905566151173,0.0029067739249331037,0.0010173708737265862,0.004042608080315979,0.0007276694544568762,-0.007780801886045574,-0.0009336962263254688,-0.006432449284359265,-0.0005145959427487412,-0.00015960103885781507,-9.576062331468904e-06,-0.0028108550109878783,-8.432565032963635e-05,0.0002825441101669702,0.00020284644644814713,0.0002825441101669702
2025-08-18,0.009973083028504526,0.007102220110097646,0.0024857770385341756,-0.00569140934510759,-0.001024453682119366,0.0004105131995222333,4.9261583942668e-05,0.011854992013729415,0.0009483993610983532,0.041809708609051865,0.0025085825165431118,0.001370951209512139,4.112853628536417e-05,0.004964387674220219,0.005008695354284306,0.004964387674220219
