symbol,date,ensemble_score_mean,ensemble_score_std,ensemble_score_count,confidence_mean,relevance_score_mean,sentiment_lag1,sentiment_lag2
BEL.NS,2025-05-22,0.0914,,1,0.0914,1.0,,
BEL.NS,2025-05-23,0.4511,,1,0.4511,1.0,0.0914,
BEL.NS,2025-05-26,-0.1536,,1,0.1536,1.0,0.4511,0.0914
BEL.NS,2025-05-27,-0.0807,,1,0.0807,1.0,-0.1536,0.4511
BEL.NS,2025-05-28,0.0156,0.1735,2,0.1227,1.0,-0.0807,-0.1536
BEL.NS,2025-05-29,0.038,,1,0.038,1.0,0.0156,-0.0807
BEL.NS,2025-06-03,-0.2393,,1,0.2393,1.0,0.038,0.0156
BEL.NS,2025-06-04,0.0613,0.3217,2,0.2275,1.0,-0.2393,0.038
BEL.NS,2025-06-05,-0.1262,,1,0.1262,1.0,0.0613,-0.2393
BEL.NS,2025-06-06,0.4443,,1,0.4443,1.0,-0.1262,0.0613
BEL.NS,2025-06-09,0.4601,,1,0.4601,1.0,0.4443,-0.1262
BEL.NS,2025-06-13,-0.6934,,1,0.6934,1.0,0.4601,0.4443
BEL.NS,2025-06-16,-0.065,,1,0.065,1.0,-0.6934,0.4601
BEL.NS,2025-06-17,-0.3854,,1,0.3854,1.0,-0.065,-0.6934
BEL.NS,2025-06-18,0.4797,,1,0.4797,1.0,-0.3854,-0.065
BEL.NS,2025-06-20,0.3326,0.1279,2,0.3326,1.0,0.4797,-0.3854
BEL.NS,2025-06-22,0.2592,,1,0.2592,1.0,0.3326,0.4797
BEL.NS,2025-06-23,-0.081,0.5222,3,0.3789,1.0,0.2592,0.3326
BEL.NS,2025-06-24,0.3247,0.1792,2,0.3247,1.0,-0.081,0.2592
BEL.NS,2025-06-25,0.1709,0.3143,2,0.2223,1.0,0.3247,-0.081
BEL.NS,2025-06-26,0.1074,0.3384,2,0.2393,1.0,0.1709,0.3247
BEL.NS,2025-07-01,0.5679,0.1668,2,0.5679,1.0,0.1074,0.1709
BEL.NS,2025-07-04,-0.2938,,1,0.2938,1.0,0.5679,0.1074
BEL.NS,2025-07-07,0.1979,,1,0.1979,1.0,-0.2938,0.5679
BEL.NS,2025-07-14,-0.094,,1,0.094,1.0,0.1979,-0.2938
BEL.NS,2025-07-15,0.4287,,1,0.4287,1.0,-0.094,0.1979
BEL.NS,2025-07-18,0.2392,,1,0.2392,1.0,0.4287,-0.094
BEL.NS,2025-07-25,0.1347,0.4217,2,0.2982,1.0,0.2392,0.4287
BEL.NS,2025-07-27,0.3457,,1,0.3457,1.0,0.1347,0.2392
BEL.NS,2025-07-28,0.049,0.3482,4,0.2908,1.0,0.3457,0.1347
BEL.NS,2025-07-29,-0.1225,0.3943,4,0.3408,1.0,0.049,0.3457
BEL.NS,2025-07-30,0.453,,1,0.453,1.0,-0.1225,0.049
BEL.NS,2025-07-31,0.1625,,1,0.1625,1.0,0.453,-0.1225
BEL.NS,2025-08-01,0.4157,0.0483,2,0.4157,1.0,0.1625,0.453
BEL.NS,2025-08-04,0.1026,0.3281,12,0.2868,0.6708,0.4157,0.1625
BEL.NS,2025-08-05,0.3597,0.2446,6,0.3783,0.7,0.1026,0.4157
BEL.NS,2025-08-06,0.3432,0.2645,10,0.3489,0.695,0.3597,0.1026
BEL.NS,2025-08-07,0.2431,0.281,3,0.2939,0.7,0.3432,0.3597
BEL.NS,2025-08-08,0.232,0.3332,5,0.3372,0.7,0.2431,0.3432
BEL.NS,2025-08-09,0.4256,0.0262,2,0.4256,1.0,0.232,0.2431
BEL.NS,2025-08-10,0.2529,0.0537,2,0.2529,0.55,0.4256,0.232
BEL.NS,2025-08-11,0.2207,0.2721,11,0.3041,0.6727,0.2529,0.4256
BEL.NS,2025-08-12,0.3004,0.3385,8,0.4009,0.7,0.2207,0.2529
BEL.NS,2025-08-13,0.2849,0.1727,7,0.3008,0.7429,0.3004,0.2207
BEL.NS,2025-08-14,0.4801,0.196,18,0.4995,0.6639,0.2849,0.3004
BEL.NS,2025-08-15,0.4265,0.2262,21,0.4484,0.6238,0.4801,0.2849
BEL.NS,2025-08-16,0.5506,0.0649,4,0.5506,0.55,0.4265,0.4801
BHEL.NS,2025-02-01,0.035,,1,0.035,1.0,,
BHEL.NS,2025-02-11,-0.1199,,1,0.1199,1.0,0.035,
BHEL.NS,2025-02-17,0.4502,,1,0.4502,1.0,-0.1199,0.035
BHEL.NS,2025-02-18,0.288,0.2352,2,0.288,1.0,0.4502,-0.1199
BHEL.NS,2025-02-21,0.1647,,1,0.1647,1.0,0.288,0.4502
BHEL.NS,2025-03-03,0.4523,,1,0.4523,1.0,0.1647,0.288
BHEL.NS,2025-03-10,0.4514,,1,0.4514,1.0,0.4523,0.1647
BHEL.NS,2025-03-21,-0.147,,1,0.147,1.0,0.4514,0.4523
BHEL.NS,2025-03-26,0.602,,1,0.602,1.0,-0.147,0.4514
BHEL.NS,2025-03-28,-0.2097,0.1044,2,0.2097,1.0,0.602,-0.147
BHEL.NS,2025-04-11,0.0755,0.5313,2,0.3757,1.0,-0.2097,0.602
BHEL.NS,2025-04-15,-0.3018,,1,0.3018,1.0,0.0755,-0.2097
BHEL.NS,2025-04-16,0.4517,,1,0.4517,1.0,-0.3018,0.0755
BHEL.NS,2025-04-17,0.6865,,1,0.6865,1.0,0.4517,-0.3018
BHEL.NS,2025-04-20,0.618,,1,0.618,1.0,0.6865,0.4517
BHEL.NS,2025-04-24,0.1708,,1,0.1708,1.0,0.618,0.6865
BHEL.NS,2025-04-25,0.4495,,1,0.4495,1.0,0.1708,0.618
BHEL.NS,2025-05-12,0.0057,0.6356,2,0.4494,1.0,0.4495,0.1708
BHEL.NS,2025-05-13,0.1686,,1,0.1686,1.0,0.0057,0.4495
BHEL.NS,2025-05-16,-0.3961,0.1154,3,0.3961,1.0,0.1686,0.0057
BHEL.NS,2025-05-20,0.0658,,1,0.0658,1.0,-0.3961,0.1686
BHEL.NS,2025-05-21,0.5508,,1,0.5508,1.0,0.0658,-0.3961
BHEL.NS,2025-05-23,0.4234,0.0126,2,0.4234,0.55,0.5508,0.0658
BHEL.NS,2025-05-24,0.4527,0.0482,3,0.4527,0.5,0.4234,0.5508
BHEL.NS,2025-05-25,0.2728,0.2606,2,0.2728,0.7,0.4527,0.4234
BHEL.NS,2025-05-26,0.3633,0.3106,3,0.3633,0.7,0.2728,0.4527
BHEL.NS,2025-05-27,0.5848,0.0962,7,0.5848,0.7714,0.3633,0.2728
BHEL.NS,2025-05-28,0.518,,1,0.518,0.7,0.5848,0.3633
BHEL.NS,2025-05-29,0.6421,,1,0.6421,0.7,0.518,0.5848
BHEL.NS,2025-06-01,0.5311,0.0986,2,0.5311,0.825,0.6421,0.518
BHEL.NS,2025-06-02,0.4546,0.274,6,0.4616,0.6,0.5311,0.6421
BHEL.NS,2025-06-03,0.3239,0.3282,4,0.3965,0.625,0.4546,0.5311
BHEL.NS,2025-06-05,-0.0395,,1,0.0395,0.7,0.3239,0.4546
BHEL.NS,2025-06-06,0.4279,,1,0.4279,0.4,-0.0395,0.3239
BHEL.NS,2025-06-09,0.5117,0.1107,2,0.5117,0.55,0.4279,-0.0395
BHEL.NS,2025-06-10,0.3505,0.3081,6,0.4186,0.7917,0.5117,0.4279
BHEL.NS,2025-06-12,0.7194,,1,0.7194,0.7,0.3505,0.5117
BHEL.NS,2025-06-13,0.1465,0.1679,2,0.1465,0.7,0.7194,0.3505
BHEL.NS,2025-06-16,0.4004,0.1373,4,0.4004,0.7625,0.1465,0.7194
BHEL.NS,2025-06-17,0.653,,1,0.653,0.4,0.4004,0.1465
BHEL.NS,2025-06-18,0.2405,0.3443,3,0.2922,0.7,0.653,0.4004
BHEL.NS,2025-06-19,0.0172,0.3155,4,0.2658,0.775,0.2405,0.653
BHEL.NS,2025-06-20,0.1547,0.3549,9,0.2936,0.6278,0.0172,0.2405
BHEL.NS,2025-06-22,0.4029,0.367,2,0.4029,0.7,0.1547,0.0172
BHEL.NS,2025-06-23,0.5242,0.1337,2,0.5242,0.55,0.4029,0.1547
BHEL.NS,2025-06-24,0.2915,0.4069,4,0.4449,0.7,0.5242,0.4029
BHEL.NS,2025-06-25,0.2557,0.3796,7,0.3938,0.7714,0.2915,0.5242
BHEL.NS,2025-06-26,0.2387,0.3805,4,0.3175,0.625,0.2557,0.2915
BHEL.NS,2025-06-27,0.1766,0.4541,6,0.3942,0.7333,0.2387,0.2557
BHEL.NS,2025-06-28,0.2192,0.2433,6,0.2924,0.6917,0.1766,0.2387
BHEL.NS,2025-06-29,0.6591,,1,0.6591,0.95,0.2192,0.1766
BHEL.NS,2025-06-30,0.2064,0.5243,2,0.3707,1.0,0.6591,0.2192
BHEL.NS,2025-07-02,0.4531,,1,0.4531,0.7,0.2064,0.6591
BHEL.NS,2025-07-08,-0.0581,,1,0.0581,0.7,0.4531,0.2064
BHEL.NS,2025-07-09,0.0748,0.5395,2,0.3815,1.0,-0.0581,0.4531
BHEL.NS,2025-07-12,0.4614,,1,0.4614,0.7,0.0748,-0.0581
BHEL.NS,2025-07-14,0.4138,,1,0.4138,0.95,0.4614,0.0748
BHEL.NS,2025-07-21,0.3981,,1,0.3981,0.7,0.4138,0.4614
BHEL.NS,2025-07-23,0.0762,0.4718,2,0.3336,0.7,0.3981,0.4138
BHEL.NS,2025-07-24,0.0371,,1,0.0371,0.4,0.0762,0.3981
BHEL.NS,2025-07-28,0.4329,,1,0.4329,1.0,0.0371,0.0762
BHEL.NS,2025-07-29,0.4314,,1,0.4314,1.0,0.4329,0.0371
BHEL.NS,2025-07-30,0.4169,,1,0.4169,0.7,0.4314,0.4329
BHEL.NS,2025-08-02,0.4499,,1,0.4499,1.0,0.4169,0.4314
BHEL.NS,2025-08-05,0.057,0.4951,2,0.3501,1.0,0.4499,0.4169
BHEL.NS,2025-08-06,0.1284,0.3574,3,0.2971,1.0,0.057,0.4499
BHEL.NS,2025-08-07,0.198,0.3801,7,0.3421,1.0,0.1284,0.057
BHEL.NS,2025-08-08,0.2592,0.2679,2,0.2592,1.0,0.198,0.1284
BHEL.NS,2025-08-11,0.4572,,1,0.4572,1.0,0.2592,0.198
BHEL.NS,2025-08-13,0.4523,,1,0.4523,1.0,0.4572,0.2592
BPCL.NS,2025-02-03,-0.2756,0.151,3,0.2756,1.0,,
BPCL.NS,2025-02-05,0.2014,0.4244,3,0.2936,1.0,-0.2756,
BPCL.NS,2025-02-12,-0.0933,,1,0.0933,1.0,0.2014,-0.2756
BPCL.NS,2025-02-18,0.4543,,1,0.4543,1.0,-0.0933,0.2014
BPCL.NS,2025-02-21,0.6974,,1,0.6974,1.0,0.4543,-0.0933
BPCL.NS,2025-02-28,0.166,,1,0.166,1.0,0.6974,0.4543
BPCL.NS,2025-03-05,-0.4453,,1,0.4453,1.0,0.166,0.6974
BPCL.NS,2025-03-19,0.7684,,1,0.7684,1.0,-0.4453,0.166
BPCL.NS,2025-04-07,-0.7654,,1,0.7654,1.0,0.7684,-0.4453
BPCL.NS,2025-04-08,-0.3325,,1,0.3325,1.0,-0.7654,0.7684
BPCL.NS,2025-04-24,0.555,,1,0.555,1.0,-0.3325,-0.7654
BPCL.NS,2025-04-30,0.4551,,1,0.4551,1.0,0.555,-0.3325
BPCL.NS,2025-05-02,-0.011,,1,0.011,1.0,0.4551,0.555
BPCL.NS,2025-05-05,-0.0434,0.1096,3,0.0706,1.0,-0.011,0.4551
BPCL.NS,2025-05-09,0.4439,,1,0.4439,1.0,-0.0434,-0.011
BPCL.NS,2025-06-03,-0.0214,,1,0.0214,1.0,0.4439,-0.0434
BPCL.NS,2025-06-11,-0.2638,,1,0.2638,1.0,-0.0214,0.4439
BPCL.NS,2025-06-12,0.4533,,1,0.4533,1.0,-0.2638,-0.0214
BPCL.NS,2025-06-13,-0.2722,0.0475,2,0.2722,1.0,0.4533,-0.2638
BPCL.NS,2025-06-16,-0.3138,0.3255,3,0.3536,1.0,-0.2722,0.4533
BPCL.NS,2025-06-17,-0.6287,,1,0.6287,1.0,-0.3138,-0.2722
BPCL.NS,2025-06-19,-0.5408,,1,0.5408,1.0,-0.6287,-0.3138
BPCL.NS,2025-06-23,-0.5023,,1,0.5023,1.0,-0.5408,-0.6287
BPCL.NS,2025-06-25,0.4165,,1,0.4165,1.0,-0.5023,-0.5408
BPCL.NS,2025-06-26,-0.843,,1,0.843,1.0,0.4165,-0.5023
BPCL.NS,2025-06-28,-0.2215,,1,0.2215,1.0,-0.843,0.4165
BPCL.NS,2025-07-07,-0.3744,,1,0.3744,1.0,-0.2215,-0.843
BPCL.NS,2025-07-08,0.3749,,1,0.3749,1.0,-0.3744,-0.2215
BPCL.NS,2025-07-25,0.3457,,1,0.3457,1.0,0.3749,-0.3744
BPCL.NS,2025-07-26,0.453,,1,0.453,1.0,0.3457,0.3749
BPCL.NS,2025-07-27,0.4572,,1,0.4572,1.0,0.453,0.3457
BPCL.NS,2025-07-28,0.5311,0.1149,2,0.5311,1.0,0.4572,0.453
BPCL.NS,2025-08-01,0.2014,,1,0.2014,1.0,0.5311,0.4572
BPCL.NS,2025-08-05,0.4441,,1,0.4441,1.0,0.2014,0.5311
BPCL.NS,2025-08-06,0.4314,,1,0.4314,1.0,0.4441,0.2014
BPCL.NS,2025-08-11,0.5261,0.0885,3,0.5261,1.0,0.4314,0.4441
BPCL.NS,2025-08-12,0.4308,0.0336,2,0.4308,1.0,0.5261,0.4314
BPCL.NS,2025-08-13,-0.0788,0.3437,12,0.2869,0.8083,0.4308,0.5261
BPCL.NS,2025-08-14,0.0909,0.3433,36,0.3023,0.7111,-0.0788,0.4308
BPCL.NS,2025-08-15,0.3062,0.2858,37,0.3792,0.6432,0.0909,-0.0788
BPCL.NS,2025-08-16,0.2746,0.191,19,0.3056,0.6526,0.3062,0.0909
COCHINSHIP.NS,2025-02-03,0.6177,,1,0.6177,0.7,,
COCHINSHIP.NS,2025-02-04,-0.1902,,1,0.1902,0.7,0.6177,
COCHINSHIP.NS,2025-02-06,-0.2055,,1,0.2055,0.7,-0.1902,0.6177
COCHINSHIP.NS,2025-02-07,0.17,,1,0.17,0.7,-0.2055,-0.1902
COCHINSHIP.NS,2025-02-10,-0.2458,,1,0.2458,0.7,0.17,-0.2055
COCHINSHIP.NS,2025-02-11,0.1438,,1,0.1438,0.7,-0.2458,0.17
COCHINSHIP.NS,2025-02-12,0.1717,,1,0.1717,0.7,0.1438,-0.2458
COCHINSHIP.NS,2025-02-17,0.0498,,1,0.0498,0.7,0.1717,0.1438
COCHINSHIP.NS,2025-03-29,-0.0671,,1,0.0671,0.7,0.0498,0.1717
COCHINSHIP.NS,2025-04-08,0.5932,,1,0.5932,0.7,-0.0671,0.0498
COCHINSHIP.NS,2025-04-24,-0.1573,,1,0.1573,0.7,0.5932,-0.0671
COCHINSHIP.NS,2025-04-29,-0.4134,,1,0.4134,0.4,-0.1573,0.5932
COCHINSHIP.NS,2025-05-08,-0.2492,,1,0.2492,0.7,-0.4134,-0.1573
COCHINSHIP.NS,2025-05-14,-0.097,0.3095,2,0.2189,0.85,-0.2492,-0.4134
COCHINSHIP.NS,2025-05-15,-0.291,0.1513,9,0.2917,0.8333,-0.097,-0.2492
COCHINSHIP.NS,2025-05-16,-0.2072,0.133,4,0.2072,0.85,-0.291,-0.097
COCHINSHIP.NS,2025-05-20,-0.0087,0.3006,2,0.2125,0.85,-0.2072,-0.291
COCHINSHIP.NS,2025-05-21,-0.3898,,1,0.3898,1.0,-0.0087,-0.2072
COCHINSHIP.NS,2025-05-22,0.0914,,1,0.0914,1.0,-0.3898,-0.0087
COCHINSHIP.NS,2025-05-26,0.0988,0.357,2,0.2524,0.85,0.0914,-0.3898
COCHINSHIP.NS,2025-05-28,-0.1071,,1,0.1071,1.0,0.0988,0.0914
COCHINSHIP.NS,2025-06-03,0.3314,0.3834,4,0.4511,0.7,-0.1071,0.0988
COCHINSHIP.NS,2025-06-04,-0.0355,0.4158,5,0.3174,0.88,0.3314,-0.1071
COCHINSHIP.NS,2025-06-05,-0.171,0.3356,3,0.2577,0.8,-0.0355,0.3314
COCHINSHIP.NS,2025-06-06,-0.2787,0.0267,2,0.2787,0.85,-0.171,-0.0355
COCHINSHIP.NS,2025-06-09,0.1868,,1,0.1868,1.0,-0.2787,-0.171
COCHINSHIP.NS,2025-06-11,0.2143,,1,0.2143,1.0,0.1868,-0.2787
COCHINSHIP.NS,2025-06-12,-0.2833,,1,0.2833,1.0,0.2143,0.1868
COCHINSHIP.NS,2025-06-15,0.735,,1,0.735,1.0,-0.2833,0.2143
COCHINSHIP.NS,2025-06-16,-0.1207,0.1394,3,0.1207,1.0,0.735,-0.2833
COCHINSHIP.NS,2025-06-17,-0.6798,,1,0.6798,1.0,-0.1207,0.735
COCHINSHIP.NS,2025-06-23,-0.2806,0.2218,4,0.2806,0.925,-0.6798,-0.1207
COCHINSHIP.NS,2025-06-24,0.3001,0.1907,2,0.3001,0.85,-0.2806,-0.6798
COCHINSHIP.NS,2025-06-25,-0.0514,,1,0.0514,1.0,0.3001,-0.2806
COCHINSHIP.NS,2025-07-01,-0.1111,,1,0.1111,0.7,-0.0514,0.3001
COCHINSHIP.NS,2025-07-04,0.1489,0.3224,4,0.2958,0.7,-0.1111,-0.0514
COCHINSHIP.NS,2025-07-08,0.0132,0.2165,2,0.1531,1.0,0.1489,-0.1111
COCHINSHIP.NS,2025-07-09,0.2866,,1,0.2866,0.7,0.0132,0.1489
COCHINSHIP.NS,2025-07-10,0.2559,,1,0.2559,1.0,0.2866,0.0132
COCHINSHIP.NS,2025-07-11,0.1854,,1,0.1854,1.0,0.2559,0.2866
COCHINSHIP.NS,2025-07-14,0.054,0.2092,2,0.148,1.0,0.1854,0.2559
COCHINSHIP.NS,2025-07-18,0.2022,0.0523,2,0.2022,1.0,0.054,0.1854
COCHINSHIP.NS,2025-07-28,0.2562,,1,0.2562,1.0,0.2022,0.054
COCHINSHIP.NS,2025-07-29,0.2492,,1,0.2492,1.0,0.2562,0.2022
COCHINSHIP.NS,2025-07-31,0.4509,0.0014,2,0.4509,1.0,0.2492,0.2562
COCHINSHIP.NS,2025-08-08,0.2774,0.2391,9,0.3174,0.7667,0.4509,0.2492
COCHINSHIP.NS,2025-08-10,0.3763,0.0917,4,0.3763,0.775,0.2774,0.4509
COCHINSHIP.NS,2025-08-11,-0.273,,1,0.273,1.0,0.3763,0.2774
COCHINSHIP.NS,2025-08-12,0.4523,0.1199,4,0.4523,0.775,-0.273,0.3763
COCHINSHIP.NS,2025-08-13,0.0017,0.4771,3,0.3259,0.8,0.4523,-0.273
COCHINSHIP.NS,2025-08-14,0.0683,0.4588,4,0.3836,0.925,0.0017,0.4523
COCHINSHIP.NS,2025-08-15,0.4071,,1,0.4071,1.0,0.0683,0.0017
GRSE.NS,2025-03-25,0.4643,,1,0.4643,1.0,,
GRSE.NS,2025-04-01,0.4524,,1,0.4524,1.0,0.4643,
GRSE.NS,2025-04-28,-0.2704,,1,0.2704,1.0,0.4524,0.4643
GRSE.NS,2025-05-04,0.4524,,1,0.4524,1.0,-0.2704,0.4524
GRSE.NS,2025-05-12,-0.1699,,1,0.1699,1.0,0.4524,-0.2704
GRSE.NS,2025-05-13,-0.3408,0.1035,3,0.3408,1.0,-0.1699,0.4524
GRSE.NS,2025-05-14,0.2238,0.3317,4,0.3237,1.0,-0.3408,-0.1699
GRSE.NS,2025-05-16,-0.3477,,1,0.3477,1.0,0.2238,-0.3408
GRSE.NS,2025-05-20,-0.2213,,1,0.2213,1.0,-0.3477,0.2238
GRSE.NS,2025-05-21,-0.3898,,1,0.3898,1.0,-0.2213,-0.3477
GRSE.NS,2025-05-22,-0.0337,0.1769,2,0.1251,1.0,-0.3898,-0.2213
GRSE.NS,2025-05-26,-0.1536,,1,0.1536,1.0,-0.0337,-0.3898
GRSE.NS,2025-05-28,-0.1071,,1,0.1071,1.0,-0.1536,-0.0337
GRSE.NS,2025-05-29,0.5764,,1,0.5764,1.0,-0.1071,-0.1536
GRSE.NS,2025-06-03,-0.2393,,1,0.2393,1.0,0.5764,-0.1071
GRSE.NS,2025-06-04,-0.1645,0.0025,2,0.1645,1.0,-0.2393,0.5764
GRSE.NS,2025-06-05,0.0332,0.2254,2,0.1594,1.0,-0.1645,-0.2393
GRSE.NS,2025-06-09,0.4601,,1,0.4601,1.0,0.0332,-0.1645
GRSE.NS,2025-06-11,0.2143,,1,0.2143,1.0,0.4601,0.0332
GRSE.NS,2025-06-12,0.0274,,1,0.0274,1.0,0.2143,0.4601
GRSE.NS,2025-06-13,-0.6934,,1,0.6934,1.0,0.0274,0.2143
GRSE.NS,2025-06-16,-0.065,,1,0.065,1.0,-0.6934,0.0274
GRSE.NS,2025-06-17,-0.6798,,1,0.6798,1.0,-0.065,-0.6934
GRSE.NS,2025-06-18,0.3404,0.1431,5,0.3404,0.7,-0.6798,-0.065
GRSE.NS,2025-06-19,0.2418,0.344,4,0.3634,0.7,0.3404,-0.6798
GRSE.NS,2025-06-20,-0.3715,0.3523,3,0.3937,0.8,0.2418,0.3404
GRSE.NS,2025-06-22,0.4567,,1,0.4567,0.4,-0.3715,0.2418
GRSE.NS,2025-06-23,-0.3234,0.1703,5,0.3234,0.82,0.4567,-0.3715
GRSE.NS,2025-06-24,0.0659,0.3428,5,0.2616,0.86,-0.3234,0.4567
GRSE.NS,2025-06-25,-0.1423,0.0802,3,0.1423,0.7,0.0659,-0.3234
GRSE.NS,2025-06-26,0.2449,0.3598,3,0.2449,0.7,-0.1423,0.0659
GRSE.NS,2025-06-27,0.3934,,1,0.3934,0.7,0.2449,-0.1423
GRSE.NS,2025-06-28,-0.1562,,1,0.1562,0.7,0.3934,0.2449
GRSE.NS,2025-07-01,-0.0126,0.3247,8,0.2532,0.6625,-0.1562,0.3934
GRSE.NS,2025-07-02,0.2135,,1,0.2135,0.95,-0.0126,-0.1562
GRSE.NS,2025-07-03,0.0828,0.4882,2,0.3452,0.55,0.2135,-0.0126
GRSE.NS,2025-07-04,0.1119,0.3718,6,0.3048,0.7,0.0828,0.2135
GRSE.NS,2025-07-07,0.1587,0.2498,5,0.2376,0.8,0.1119,0.0828
GRSE.NS,2025-07-08,0.1614,0.389,4,0.3356,0.775,0.1587,0.1119
GRSE.NS,2025-07-10,0.2504,0.25,5,0.2959,0.81,0.1614,0.1587
GRSE.NS,2025-07-14,-0.0454,0.0688,2,0.0486,0.85,0.2504,0.1614
GRSE.NS,2025-07-16,0.0897,0.3243,8,0.2901,0.6625,-0.0454,0.2504
GRSE.NS,2025-07-18,0.2034,0.2104,3,0.2173,0.7833,0.0897,-0.0454
GRSE.NS,2025-07-21,0.1983,0.278,3,0.2661,0.6,0.2034,0.0897
GRSE.NS,2025-07-22,-0.2246,0.0218,4,0.2246,0.6875,0.1983,0.2034
GRSE.NS,2025-07-23,0.5827,,1,0.5827,0.7,-0.2246,0.1983
GRSE.NS,2025-07-24,0.5584,0.1431,2,0.5584,0.85,0.5827,-0.2246
GRSE.NS,2025-07-25,-0.2981,,1,0.2981,0.7,0.5584,0.5827
GRSE.NS,2025-07-27,0.4523,,1,0.4523,1.0,-0.2981,0.5584
GRSE.NS,2025-07-28,-0.0142,0.3032,2,0.2144,0.7,0.4523,-0.2981
GRSE.NS,2025-07-29,0.0093,0.217,4,0.1836,0.85,-0.0142,0.4523
GRSE.NS,2025-08-01,0.1606,0.2696,9,0.2676,0.8222,0.0093,-0.0142
GRSE.NS,2025-08-02,0.3317,,1,0.3317,0.7,0.1606,0.0093
GRSE.NS,2025-08-04,0.6374,,1,0.6374,0.4,0.3317,0.1606
GRSE.NS,2025-08-05,0.6389,,1,0.6389,0.7,0.6374,0.3317
GRSE.NS,2025-08-08,0.1367,0.3607,10,0.3283,0.75,0.6389,0.6374
GRSE.NS,2025-08-11,0.4574,0.0277,3,0.4574,0.9,0.1367,0.6389
GRSE.NS,2025-08-14,0.2662,0.3619,6,0.3694,0.75,0.4574,0.1367
GRSE.NS,2025-08-15,0.7237,,1,0.7237,0.7,0.2662,0.4574
HAL.NS,2025-05-13,-0.3381,,1,0.3381,1.0,,
HAL.NS,2025-05-14,0.1023,0.1585,2,0.1121,1.0,-0.3381,
HAL.NS,2025-05-15,-0.0098,,1,0.0098,1.0,0.1023,-0.3381
HAL.NS,2025-05-16,0.4501,,1,0.4501,1.0,-0.0098,0.1023
HAL.NS,2025-05-19,0.446,,1,0.446,1.0,0.4501,-0.0098
HAL.NS,2025-05-20,0.3352,0.3626,2,0.3352,1.0,0.446,0.4501
HAL.NS,2025-05-21,-0.2663,0.1747,2,0.2663,1.0,0.3352,0.446
HAL.NS,2025-05-22,-0.0337,0.1769,2,0.1251,1.0,-0.2663,0.3352
HAL.NS,2025-05-26,-0.1536,,1,0.1536,1.0,-0.0337,-0.2663
HAL.NS,2025-05-27,0.4016,,1,0.4016,1.0,-0.1536,-0.0337
HAL.NS,2025-05-28,0.0156,0.1735,2,0.1227,1.0,0.4016,-0.1536
HAL.NS,2025-06-03,-0.2393,,1,0.2393,1.0,0.0156,0.4016
HAL.NS,2025-06-04,-0.1662,,1,0.1662,1.0,-0.2393,0.0156
HAL.NS,2025-06-05,0.5862,,1,0.5862,1.0,-0.1662,-0.2393
HAL.NS,2025-06-10,-0.2705,,1,0.2705,1.0,0.5862,-0.1662
HAL.NS,2025-06-13,-0.6934,,1,0.6934,1.0,-0.2705,0.5862
HAL.NS,2025-06-18,0.0359,,1,0.0359,1.0,-0.6934,-0.2705
HAL.NS,2025-06-23,-0.5974,,1,0.5974,1.0,0.0359,-0.6934
HAL.NS,2025-06-25,-0.0514,,1,0.0514,1.0,-0.5974,0.0359
HAL.NS,2025-06-26,0.3467,,1,0.3467,1.0,-0.0514,-0.5974
HAL.NS,2025-06-30,0.5771,,1,0.5771,1.0,0.3467,-0.0514
HAL.NS,2025-07-02,0.722,,1,0.722,1.0,0.5771,0.3467
HAL.NS,2025-07-03,0.6913,,1,0.6913,1.0,0.722,0.5771
HAL.NS,2025-07-04,-0.2938,,1,0.2938,1.0,0.6913,0.722
HAL.NS,2025-07-08,-0.232,,1,0.232,1.0,-0.2938,0.6913
HAL.NS,2025-07-10,0.2559,,1,0.2559,1.0,-0.232,-0.2938
HAL.NS,2025-07-14,-0.094,,1,0.094,1.0,0.2559,-0.232
HAL.NS,2025-07-16,0.4465,0.0113,2,0.4465,1.0,-0.094,0.2559
HAL.NS,2025-07-18,0.2181,0.0298,2,0.2181,1.0,0.4465,-0.094
HAL.NS,2025-07-29,0.3502,0.1004,3,0.3502,1.0,0.2181,0.4465
HAL.NS,2025-07-30,0.2675,0.2492,2,0.2675,1.0,0.3502,0.2181
HAL.NS,2025-07-31,0.4486,,1,0.4486,1.0,0.2675,0.3502
HAL.NS,2025-08-01,0.4521,,1,0.4521,1.0,0.4486,0.2675
HAL.NS,2025-08-03,0.4314,,1,0.4314,1.0,0.4521,0.4486
HAL.NS,2025-08-04,0.1022,0.5021,2,0.355,1.0,0.4314,0.4521
HAL.NS,2025-08-07,0.4329,,1,0.4329,1.0,0.1022,0.4314
HAL.NS,2025-08-08,0.2634,0.301,9,0.3493,0.7,0.4329,0.1022
HAL.NS,2025-08-09,0.2228,0.27,3,0.2804,0.6,0.2634,0.4329
HAL.NS,2025-08-10,0.595,,1,0.595,0.7,0.2228,0.2634
HAL.NS,2025-08-11,0.2273,0.3294,8,0.3508,0.8438,0.595,0.2228
HAL.NS,2025-08-12,0.1855,0.3388,29,0.3248,0.7776,0.2273,0.595
HAL.NS,2025-08-13,0.1867,0.3144,23,0.2957,0.6826,0.1855,0.2273
HAL.NS,2025-08-14,0.402,0.2521,6,0.4183,0.6417,0.1867,0.1855
HAL.NS,2025-08-15,0.3375,0.2509,16,0.3817,0.5688,0.402,0.1867
HAL.NS,2025-08-16,0.3365,0.2627,16,0.3909,0.6938,0.3375,0.402
HCLTECH.NS,2025-04-23,0.3104,0.0946,2,0.3104,1.0,,
HCLTECH.NS,2025-04-24,-0.4643,0.0012,2,0.4643,1.0,0.3104,
HCLTECH.NS,2025-04-29,-0.3301,,1,0.3301,1.0,-0.4643,0.3104
HCLTECH.NS,2025-05-15,-0.0399,,1,0.0399,1.0,-0.3301,-0.4643
HCLTECH.NS,2025-05-16,0.1877,,1,0.1877,1.0,-0.0399,-0.3301
HCLTECH.NS,2025-05-20,0.4518,,1,0.4518,1.0,0.1877,-0.0399
HCLTECH.NS,2025-05-22,-0.2143,,1,0.2143,1.0,0.4518,0.1877
HCLTECH.NS,2025-05-27,-0.2041,,1,0.2041,1.0,-0.2143,0.4518
HCLTECH.NS,2025-06-03,0.4834,,1,0.4834,1.0,-0.2041,-0.2143
HCLTECH.NS,2025-06-12,0.3133,0.4681,3,0.4525,1.0,0.4834,-0.2041
HCLTECH.NS,2025-06-16,-0.1439,,1,0.1439,1.0,0.3133,0.4834
HCLTECH.NS,2025-06-17,0.6553,,1,0.6553,1.0,-0.1439,0.3133
HCLTECH.NS,2025-06-18,0.1585,0.1329,2,0.1585,1.0,0.6553,-0.1439
HCLTECH.NS,2025-06-19,0.1854,,1,0.1854,1.0,0.1585,0.6553
HCLTECH.NS,2025-06-23,0.2644,,1,0.2644,1.0,0.1854,0.1585
HCLTECH.NS,2025-06-24,0.4756,,1,0.4756,1.0,0.2644,0.1854
HCLTECH.NS,2025-06-25,0.0698,0.9341,2,0.6605,1.0,0.4756,0.2644
HCLTECH.NS,2025-06-27,-0.3441,,1,0.3441,1.0,0.0698,0.4756
HCLTECH.NS,2025-07-01,0.4499,,1,0.4499,1.0,-0.3441,0.0698
HCLTECH.NS,2025-07-07,-0.0399,,1,0.0399,1.0,0.4499,-0.3441
HCLTECH.NS,2025-07-08,0.4528,,1,0.4528,1.0,-0.0399,0.4499
HCLTECH.NS,2025-07-09,0.0738,0.1862,3,0.1675,1.0,0.4528,-0.0399
HCLTECH.NS,2025-07-10,0.4503,,1,0.4503,1.0,0.0738,0.4528
HCLTECH.NS,2025-07-14,0.1127,0.1194,3,0.1288,1.0,0.4503,0.0738
HCLTECH.NS,2025-07-15,0.1134,0.3734,8,0.3454,1.0,0.1127,0.4503
HCLTECH.NS,2025-07-16,0.4082,,1,0.4082,1.0,0.1134,0.1127
HCLTECH.NS,2025-07-24,0.1675,,1,0.1675,1.0,0.4082,0.1134
HCLTECH.NS,2025-07-25,0.1113,0.239,4,0.2149,0.8375,0.1675,0.4082
HCLTECH.NS,2025-07-27,0.017,,1,0.017,0.7,0.1113,0.1675
HCLTECH.NS,2025-07-28,0.2179,0.3764,3,0.3622,0.7,0.017,0.1113
HCLTECH.NS,2025-07-29,0.2429,0.2959,2,0.2429,0.85,0.2179,0.017
HCLTECH.NS,2025-07-30,-0.0778,0.4221,2,0.2985,0.7,0.2429,0.2179
HCLTECH.NS,2025-07-31,0.0667,,1,0.0667,1.0,-0.0778,0.2429
HCLTECH.NS,2025-08-01,0.3438,0.1704,4,0.3438,0.775,0.0667,-0.0778
HCLTECH.NS,2025-08-02,0.1583,0.5216,2,0.3688,0.55,0.3438,0.0667
HCLTECH.NS,2025-08-03,0.0162,0.2809,10,0.2007,0.77,0.1583,0.3438
HCLTECH.NS,2025-08-04,0.2219,0.3242,6,0.3357,0.7417,0.0162,0.1583
HCLTECH.NS,2025-08-05,0.1376,0.2838,5,0.2216,0.81,0.2219,0.0162
HCLTECH.NS,2025-08-06,0.0692,0.214,3,0.1532,0.6,0.1376,0.2219
HCLTECH.NS,2025-08-07,0.0642,0.2356,4,0.196,0.55,0.0692,0.1376
HCLTECH.NS,2025-08-08,0.1828,0.1904,9,0.2017,0.7,0.0642,0.0692
HCLTECH.NS,2025-08-10,0.3318,0.2052,3,0.3318,0.8,0.1828,0.0642
HCLTECH.NS,2025-08-11,0.2872,0.3325,7,0.3694,0.6571,0.3318,0.1828
HCLTECH.NS,2025-08-12,0.4826,0.2776,8,0.5205,0.775,0.2872,0.3318
HCLTECH.NS,2025-08-13,0.1617,0.3681,12,0.3274,0.6,0.4826,0.2872
HCLTECH.NS,2025-08-14,0.2655,0.2499,14,0.3,0.6143,0.1617,0.4826
HCLTECH.NS,2025-08-15,0.3257,0.2278,9,0.3423,0.7,0.2655,0.1617
HCLTECH.NS,2025-08-16,0.4153,0.1399,5,0.4153,0.64,0.3257,0.2655
HDFCBANK.NS,2025-05-14,-0.0024,0.2697,2,0.1907,1.0,,
HDFCBANK.NS,2025-05-15,0.1328,,1,0.1328,1.0,-0.0024,
HDFCBANK.NS,2025-05-27,-0.0532,0.7185,2,0.508,1.0,0.1328,-0.0024
HDFCBANK.NS,2025-05-29,0.11,,1,0.11,1.0,-0.0532,0.1328
HDFCBANK.NS,2025-06-02,-0.1631,,1,0.1631,1.0,0.11,-0.0532
HDFCBANK.NS,2025-06-04,0.1379,0.4427,2,0.3131,1.0,-0.1631,0.11
HDFCBANK.NS,2025-06-06,-0.5631,,1,0.5631,1.0,0.1379,-0.1631
HDFCBANK.NS,2025-06-08,0.4138,0.4357,2,0.4138,1.0,-0.5631,0.1379
HDFCBANK.NS,2025-06-10,0.2816,,1,0.2816,1.0,0.4138,-0.5631
HDFCBANK.NS,2025-06-12,-0.121,,1,0.121,1.0,0.2816,0.4138
HDFCBANK.NS,2025-06-13,0.0339,,1,0.0339,1.0,-0.121,0.2816
HDFCBANK.NS,2025-06-16,-0.0555,,1,0.0555,1.0,0.0339,-0.121
HDFCBANK.NS,2025-06-19,0.4447,0.0082,2,0.4447,1.0,-0.0555,0.0339
HDFCBANK.NS,2025-06-20,-0.203,,1,0.203,1.0,0.4447,-0.0555
HDFCBANK.NS,2025-06-24,0.0278,0.5885,2,0.4161,1.0,-0.203,0.4447
HDFCBANK.NS,2025-06-25,0.2778,,1,0.2778,1.0,0.0278,-0.203
HDFCBANK.NS,2025-06-26,0.0658,0.3309,2,0.234,1.0,0.2778,0.0278
HDFCBANK.NS,2025-06-27,-0.1389,0.1705,2,0.1389,1.0,0.0658,0.2778
HDFCBANK.NS,2025-07-02,0.6687,0.0754,2,0.6687,1.0,-0.1389,0.0658
HDFCBANK.NS,2025-07-03,0.3151,0.4147,2,0.3151,1.0,0.6687,-0.1389
HDFCBANK.NS,2025-07-08,0.2158,0.6731,2,0.476,1.0,0.3151,0.6687
HDFCBANK.NS,2025-07-14,-0.5187,,1,0.5187,1.0,0.2158,0.3151
HDFCBANK.NS,2025-07-15,-0.2484,,1,0.2484,1.0,-0.5187,0.2158
HDFCBANK.NS,2025-07-16,0.6995,0.0137,2,0.6995,1.0,-0.2484,-0.5187
HDFCBANK.NS,2025-07-21,0.2852,0.2636,3,0.2896,1.0,0.6995,-0.2484
HDFCBANK.NS,2025-07-22,0.0517,0.0903,2,0.0639,1.0,0.2852,0.6995
HDFCBANK.NS,2025-07-23,0.4064,,1,0.4064,1.0,0.0517,0.2852
HDFCBANK.NS,2025-07-25,0.0096,,1,0.0096,1.0,0.4064,0.0517
HDFCBANK.NS,2025-07-28,0.1702,0.3938,2,0.2784,1.0,0.0096,0.4064
HDFCBANK.NS,2025-07-29,0.2771,0.2697,5,0.3417,0.88,0.1702,0.0096
HDFCBANK.NS,2025-07-31,-0.3566,,1,0.3566,1.0,0.2771,0.1702
HDFCBANK.NS,2025-08-01,0.5189,0.2232,4,0.5189,0.7,-0.3566,0.2771
HDFCBANK.NS,2025-08-02,0.5121,0.0962,2,0.5121,0.85,0.5189,-0.3566
HDFCBANK.NS,2025-08-03,0.5105,0.174,3,0.5105,0.8,0.5121,0.5189
HDFCBANK.NS,2025-08-04,0.3668,0.2639,4,0.3787,0.625,0.5105,0.5121
HDFCBANK.NS,2025-08-05,0.2984,0.2616,8,0.316,0.6625,0.3668,0.5105
HDFCBANK.NS,2025-08-06,0.0645,0.3095,3,0.2313,0.6,0.2984,0.3668
HDFCBANK.NS,2025-08-07,0.4742,0.1569,8,0.4742,0.625,0.0645,0.2984
HDFCBANK.NS,2025-08-08,0.2818,0.3653,3,0.3751,0.7,0.4742,0.0645
HDFCBANK.NS,2025-08-09,0.4645,0.0837,2,0.4645,0.7,0.2818,0.4742
HDFCBANK.NS,2025-08-10,0.1983,0.3572,3,0.3095,0.7,0.4645,0.2818
HDFCBANK.NS,2025-08-11,0.0826,0.2903,11,0.2648,0.6455,0.1983,0.4645
HDFCBANK.NS,2025-08-12,0.1394,0.2447,5,0.2221,0.76,0.0826,0.1983
HDFCBANK.NS,2025-08-13,0.4035,0.2676,12,0.4651,0.6,0.1394,0.0826
HDFCBANK.NS,2025-08-14,0.2822,0.2773,11,0.323,0.5636,0.4035,0.1394
HDFCBANK.NS,2025-08-15,0.2652,0.2999,16,0.3618,0.6437,0.2822,0.4035
HDFCBANK.NS,2025-08-16,0.2184,0.2962,9,0.3094,0.7,0.2652,0.2822
HINDUNILVR.NS,2025-03-04,0.3226,,1,0.3226,0.7,,
HINDUNILVR.NS,2025-04-01,0.6923,,1,0.6923,0.7,0.3226,
HINDUNILVR.NS,2025-04-17,0.5453,,1,0.5453,0.7,0.6923,0.3226
HINDUNILVR.NS,2025-04-20,0.4046,,1,0.4046,0.7,0.5453,0.6923
HINDUNILVR.NS,2025-04-22,-0.4318,,1,0.4318,0.7,0.4046,0.5453
HINDUNILVR.NS,2025-04-24,0.0286,0.2232,5,0.1841,0.7,-0.4318,0.4046
HINDUNILVR.NS,2025-05-02,0.4381,,1,0.4381,0.7,0.0286,-0.4318
HINDUNILVR.NS,2025-05-05,0.5948,,1,0.5948,0.7,0.4381,0.0286
HINDUNILVR.NS,2025-05-15,0.2826,,1,0.2826,0.7,0.5948,0.4381
HINDUNILVR.NS,2025-05-25,0.5588,,1,0.5588,0.7,0.2826,0.5948
HINDUNILVR.NS,2025-05-29,-0.2568,,1,0.2568,0.7,0.5588,0.2826
HINDUNILVR.NS,2025-06-02,0.2777,,1,0.2777,0.4,-0.2568,0.5588
HINDUNILVR.NS,2025-06-23,0.4194,0.2818,2,0.4194,0.55,0.2777,-0.2568
HINDUNILVR.NS,2025-07-04,0.7933,,1,0.7933,0.7,0.4194,0.2777
HINDUNILVR.NS,2025-07-07,-0.2678,,1,0.2678,0.4,0.7933,0.4194
HINDUNILVR.NS,2025-07-09,0.2648,,1,0.2648,0.7,-0.2678,0.7933
HINDUNILVR.NS,2025-07-10,0.262,0.353,4,0.3957,0.625,0.2648,-0.2678
HINDUNILVR.NS,2025-07-11,-0.0109,0.3378,4,0.2407,0.7,0.262,0.2648
HINDUNILVR.NS,2025-07-14,0.4791,0.0329,2,0.4791,0.7,-0.0109,0.262
HINDUNILVR.NS,2025-07-15,0.5409,0.081,2,0.5409,0.55,0.4791,-0.0109
HINDUNILVR.NS,2025-07-23,0.2722,,1,0.2722,1.0,0.5409,0.4791
HINDUNILVR.NS,2025-07-24,0.1623,,1,0.1623,1.0,0.2722,0.5409
HINDUNILVR.NS,2025-07-25,0.0992,0.158,4,0.168,1.0,0.1623,0.2722
HINDUNILVR.NS,2025-07-26,0.4499,,1,0.4499,1.0,0.0992,0.1623
HINDUNILVR.NS,2025-07-27,0.4464,,1,0.4464,0.7,0.4499,0.0992
HINDUNILVR.NS,2025-07-28,-0.0259,0.2557,4,0.1988,1.0,0.4464,0.4499
HINDUNILVR.NS,2025-07-29,0.1682,0.3338,4,0.289,1.0,-0.0259,0.4464
HINDUNILVR.NS,2025-07-30,0.1788,0.0147,4,0.1788,1.0,0.1682,-0.0259
HINDUNILVR.NS,2025-07-31,-0.165,0.3521,5,0.3375,1.0,0.1788,0.1682
HINDUNILVR.NS,2025-08-01,-0.085,0.4044,4,0.3237,1.0,-0.165,0.1788
HINDUNILVR.NS,2025-08-02,0.453,,1,0.453,1.0,-0.085,-0.165
HINDUNILVR.NS,2025-08-04,0.1828,0.1982,5,0.229,1.0,0.453,-0.085
HINDUNILVR.NS,2025-08-05,0.2387,,1,0.2387,1.0,0.1828,0.453
HINDUNILVR.NS,2025-08-06,-0.0867,0.1368,2,0.0967,1.0,0.2387,0.1828
HINDUNILVR.NS,2025-08-07,0.0142,0.3347,4,0.258,1.0,-0.0867,0.2387
HINDUNILVR.NS,2025-08-08,0.1542,0.035,2,0.1542,1.0,0.0142,-0.0867
HINDUNILVR.NS,2025-08-10,0.4486,,1,0.4486,1.0,0.1542,0.0142
HINDUNILVR.NS,2025-08-11,0.1952,0.0165,2,0.1952,1.0,0.4486,0.1542
HINDUNILVR.NS,2025-08-12,0.108,0.1725,4,0.1814,1.0,0.1952,0.4486
HINDUNILVR.NS,2025-08-13,0.3461,0.1499,2,0.3461,1.0,0.108,0.1952
HINDUNILVR.NS,2025-08-14,0.1242,0.29,4,0.2577,1.0,0.3461,0.108
HINDUNILVR.NS,2025-08-15,0.4071,,1,0.4071,1.0,0.1242,0.3461
ICICIBANK.NS,2025-04-21,0.0459,0.2192,6,0.1481,1.0,,
ICICIBANK.NS,2025-04-22,-0.0066,0.3751,3,0.2655,1.0,0.0459,
ICICIBANK.NS,2025-04-23,0.3061,,1,0.3061,1.0,-0.0066,0.0459
ICICIBANK.NS,2025-04-27,0.6766,0.0556,2,0.6766,1.0,0.3061,-0.0066
ICICIBANK.NS,2025-04-28,0.0295,,1,0.0295,1.0,0.6766,0.3061
ICICIBANK.NS,2025-05-01,0.6317,,1,0.6317,1.0,0.0295,0.6766
ICICIBANK.NS,2025-05-09,-0.1618,,1,0.1618,1.0,0.6317,0.0295
ICICIBANK.NS,2025-05-14,-0.1931,,1,0.1931,1.0,-0.1618,0.6317
ICICIBANK.NS,2025-05-15,0.1328,,1,0.1328,1.0,-0.1931,-0.1618
ICICIBANK.NS,2025-05-27,-0.152,0.5788,2,0.4092,1.0,0.1328,-0.1931
ICICIBANK.NS,2025-05-28,0.6002,,1,0.6002,1.0,-0.152,0.1328
ICICIBANK.NS,2025-05-30,0.7832,,1,0.7832,1.0,0.6002,-0.152
ICICIBANK.NS,2025-06-02,-0.1631,,1,0.1631,1.0,0.7832,0.6002
ICICIBANK.NS,2025-06-06,-0.5631,,1,0.5631,1.0,-0.1631,0.7832
ICICIBANK.NS,2025-06-12,0.4478,,1,0.4478,1.0,-0.5631,-0.1631
ICICIBANK.NS,2025-06-17,0.6553,,1,0.6553,1.0,0.4478,-0.5631
ICICIBANK.NS,2025-06-26,-0.1681,,1,0.1681,1.0,0.6553,0.4478
ICICIBANK.NS,2025-06-27,-0.0184,,1,0.0184,1.0,-0.1681,0.6553
ICICIBANK.NS,2025-07-02,0.722,,1,0.722,1.0,-0.0184,-0.1681
ICICIBANK.NS,2025-07-07,-0.0195,,1,0.0195,1.0,0.722,-0.0184
ICICIBANK.NS,2025-07-09,0.3302,0.1894,2,0.3302,1.0,-0.0195,0.722
ICICIBANK.NS,2025-07-15,0.1871,0.6161,2,0.4356,1.0,0.3302,-0.0195
ICICIBANK.NS,2025-07-16,0.0408,,1,0.0408,1.0,0.1871,0.3302
ICICIBANK.NS,2025-07-18,0.6225,,1,0.6225,1.0,0.0408,0.1871
ICICIBANK.NS,2025-07-19,-0.2235,,1,0.2235,1.0,0.6225,0.0408
ICICIBANK.NS,2025-07-21,0.2702,0.2993,6,0.2718,1.0,-0.2235,0.6225
ICICIBANK.NS,2025-07-22,-0.0057,0.0091,2,0.0064,1.0,0.2702,-0.2235
ICICIBANK.NS,2025-07-23,0.098,,1,0.098,1.0,-0.0057,0.2702
ICICIBANK.NS,2025-07-25,-0.183,,1,0.183,1.0,0.098,-0.0057
ICICIBANK.NS,2025-07-27,0.4314,,1,0.4314,1.0,-0.183,0.098
ICICIBANK.NS,2025-07-28,0.4071,,1,0.4071,1.0,0.4314,-0.183
ICICIBANK.NS,2025-07-30,0.4778,0.0446,2,0.4778,0.7,0.4071,0.4314
ICICIBANK.NS,2025-07-31,-0.3566,,1,0.3566,1.0,0.4778,0.4071
ICICIBANK.NS,2025-08-01,0.2781,0.1736,4,0.2781,0.625,-0.3566,0.4778
ICICIBANK.NS,2025-08-03,0.4244,0.045,3,0.4244,0.8,0.2781,-0.3566
ICICIBANK.NS,2025-08-04,0.1873,0.047,2,0.1873,0.7,0.4244,0.2781
ICICIBANK.NS,2025-08-05,0.2692,0.1598,3,0.2692,0.7,0.1873,0.4244
ICICIBANK.NS,2025-08-07,0.4373,,1,0.4373,0.4,0.2692,0.1873
ICICIBANK.NS,2025-08-08,0.3109,0.3901,4,0.4131,0.625,0.4373,0.2692
ICICIBANK.NS,2025-08-09,0.1726,0.3705,7,0.371,0.6571,0.3109,0.4373
ICICIBANK.NS,2025-08-10,0.0913,0.4405,8,0.3942,0.625,0.1726,0.3109
ICICIBANK.NS,2025-08-11,0.203,0.2917,19,0.3241,0.6526,0.0913,0.1726
ICICIBANK.NS,2025-08-12,0.4143,0.1656,4,0.4143,0.85,0.203,0.0913
ICICIBANK.NS,2025-08-13,0.194,0.3841,10,0.3755,0.55,0.4143,0.203
ICICIBANK.NS,2025-08-14,0.3347,0.2076,19,0.3347,0.6368,0.194,0.4143
ICICIBANK.NS,2025-08-15,0.1517,0.3755,7,0.3249,0.6143,0.3347,0.194
ICICIBANK.NS,2025-08-16,0.2774,0.3007,14,0.3627,0.6786,0.1517,0.3347
INFY.NS,2025-07-24,0.2051,0.2632,14,0.2936,0.9143,,
INFY.NS,2025-07-25,0.0614,0.2568,8,0.2288,0.8875,0.2051,
INFY.NS,2025-07-26,0.3075,0.2048,2,0.3075,0.85,0.0614,0.2051
INFY.NS,2025-07-28,0.1425,0.2275,6,0.2341,0.8,0.3075,0.0614
INFY.NS,2025-07-29,0.1903,0.0096,4,0.1903,1.0,0.1425,0.3075
INFY.NS,2025-07-30,0.0727,0.2764,6,0.2272,0.85,0.1903,0.1425
INFY.NS,2025-07-31,-0.0711,0.1949,2,0.1378,1.0,0.0727,0.1903
INFY.NS,2025-08-01,0.0637,0.2252,6,0.1901,0.75,-0.0711,0.0727
INFY.NS,2025-08-02,0.7381,,1,0.7381,0.4,0.0637,-0.0711
INFY.NS,2025-08-03,0.2998,0.2389,9,0.338,0.8333,0.7381,0.0637
INFY.NS,2025-08-04,0.2985,0.2798,6,0.339,0.75,0.2998,0.7381
INFY.NS,2025-08-05,0.0667,0.2422,5,0.1805,0.82,0.2985,0.2998
INFY.NS,2025-08-06,0.2142,0.3339,6,0.3089,0.75,0.0667,0.2985
INFY.NS,2025-08-07,0.1527,0.0697,4,0.1527,0.775,0.2142,0.0667
INFY.NS,2025-08-08,0.3857,0.2006,11,0.3857,0.8045,0.1527,0.2142
INFY.NS,2025-08-10,0.547,,1,0.547,0.7,0.3857,0.1527
INFY.NS,2025-08-11,0.1481,0.2502,4,0.2539,0.775,0.547,0.3857
INFY.NS,2025-08-12,0.1822,0.3696,9,0.3347,0.7667,0.1481,0.547
INFY.NS,2025-08-13,0.3456,0.3362,12,0.4113,0.65,0.1822,0.1481
INFY.NS,2025-08-14,0.0546,0.2832,22,0.2349,0.7136,0.3456,0.1822
INFY.NS,2025-08-15,0.3407,0.297,13,0.3725,0.6769,0.0546,0.3456
INFY.NS,2025-08-16,0.3881,0.2007,7,0.3881,0.7,0.3407,0.0546
ITC.NS,2025-07-22,0.1594,,1,0.1594,1.0,,
ITC.NS,2025-07-23,0.2722,,1,0.2722,1.0,0.1594,
ITC.NS,2025-07-24,0.1622,,1,0.1622,1.0,0.2722,0.1594
ITC.NS,2025-07-25,0.0371,0.3585,5,0.2627,1.0,0.1622,0.2722
ITC.NS,2025-07-28,0.2364,,1,0.2364,1.0,0.0371,0.1622
ITC.NS,2025-07-29,0.3766,0.3065,2,0.3766,1.0,0.2364,0.0371
ITC.NS,2025-07-30,0.1302,0.1339,4,0.1629,1.0,0.3766,0.2364
ITC.NS,2025-07-31,-0.2636,,1,0.2636,1.0,0.1302,0.3766
ITC.NS,2025-08-01,0.0379,0.2653,5,0.2043,1.0,-0.2636,0.1302
ITC.NS,2025-08-03,0.4523,,1,0.4523,1.0,0.0379,-0.2636
ITC.NS,2025-08-04,0.0983,0.3315,28,0.2842,0.775,0.4523,0.0379
ITC.NS,2025-08-05,0.2287,0.3538,8,0.3636,0.85,0.0983,0.4523
ITC.NS,2025-08-06,0.2287,0.0896,4,0.2287,0.9875,0.2287,0.0983
ITC.NS,2025-08-07,0.1201,0.3644,6,0.2627,0.9417,0.2287,0.2287
ITC.NS,2025-08-08,0.2622,0.3255,10,0.3478,0.755,0.1201,0.2287
ITC.NS,2025-08-09,-0.2739,0.0568,2,0.2739,0.825,0.2622,0.1201
ITC.NS,2025-08-10,0.5006,0.124,3,0.5006,0.8833,-0.2739,0.2622
ITC.NS,2025-08-11,0.1483,0.2804,7,0.2733,0.7714,0.5006,-0.2739
ITC.NS,2025-08-12,0.1239,0.3531,9,0.3085,0.9222,0.1483,0.5006
ITC.NS,2025-08-13,0.1431,0.3055,7,0.2763,0.7,0.1239,0.1483
ITC.NS,2025-08-14,0.3053,0.2134,11,0.3161,0.6455,0.1431,0.1239
ITC.NS,2025-08-15,0.3593,0.219,23,0.3676,0.6848,0.3053,0.1431
ITC.NS,2025-08-16,0.3164,0.2644,16,0.3767,0.6437,0.3593,0.3053
KALYANKJIL.NS,2025-02-04,-0.2311,0.4364,2,0.3086,0.85,,
KALYANKJIL.NS,2025-02-24,0.1773,,1,0.1773,1.0,-0.2311,
KALYANKJIL.NS,2025-03-06,0.1465,,1,0.1465,1.0,0.1773,-0.2311
KALYANKJIL.NS,2025-03-10,0.2208,,1,0.2208,1.0,0.1465,0.1773
KALYANKJIL.NS,2025-03-24,-0.248,,1,0.248,1.0,0.2208,0.1465
KALYANKJIL.NS,2025-03-25,0.1415,,1,0.1415,1.0,-0.248,0.2208
KALYANKJIL.NS,2025-03-28,0.0898,0.3191,2,0.2256,1.0,0.1415,-0.248
KALYANKJIL.NS,2025-04-02,-0.1756,,1,0.1756,1.0,0.0898,0.1415
KALYANKJIL.NS,2025-04-03,0.6025,,1,0.6025,1.0,-0.1756,0.0898
KALYANKJIL.NS,2025-04-07,-0.131,0.413,3,0.2974,0.8,0.6025,-0.1756
KALYANKJIL.NS,2025-04-23,0.6782,,1,0.6782,1.0,-0.131,0.6025
KALYANKJIL.NS,2025-05-06,-0.1997,,1,0.1997,1.0,0.6782,-0.131
KALYANKJIL.NS,2025-05-08,-0.3317,0.1528,4,0.3317,0.85,-0.1997,0.6782
KALYANKJIL.NS,2025-05-09,0.13,0.4439,2,0.3139,1.0,-0.3317,-0.1997
KALYANKJIL.NS,2025-05-12,-0.4437,,1,0.4437,1.0,0.13,-0.3317
KALYANKJIL.NS,2025-06-11,0.2143,,1,0.2143,1.0,-0.4437,0.13
KALYANKJIL.NS,2025-06-22,0.5461,,1,0.5461,0.7,0.2143,-0.4437
KALYANKJIL.NS,2025-07-07,-0.1268,0.4132,2,0.2921,0.85,0.5461,0.2143
KALYANKJIL.NS,2025-07-09,-0.254,,1,0.254,1.0,-0.1268,0.5461
KALYANKJIL.NS,2025-07-14,0.4489,,1,0.4489,1.0,-0.254,-0.1268
KALYANKJIL.NS,2025-07-15,0.5647,0.0154,2,0.5647,0.7,0.4489,-0.254
KALYANKJIL.NS,2025-07-17,-0.1644,0.0121,2,0.1644,1.0,0.5647,0.4489
KALYANKJIL.NS,2025-07-20,0.4494,,1,0.4494,1.0,-0.1644,0.5647
KALYANKJIL.NS,2025-07-23,-0.089,,1,0.089,1.0,0.4494,-0.1644
KALYANKJIL.NS,2025-07-25,0.0133,0.2619,2,0.1852,1.0,-0.089,0.4494
KALYANKJIL.NS,2025-08-01,0.4071,,1,0.4071,1.0,0.0133,-0.089
KALYANKJIL.NS,2025-08-03,0.453,,1,0.453,1.0,0.4071,0.0133
KALYANKJIL.NS,2025-08-06,-0.2531,,1,0.2531,1.0,0.453,0.4071
KALYANKJIL.NS,2025-08-07,0.1358,0.355,3,0.3012,1.0,-0.2531,0.453
KALYANKJIL.NS,2025-08-08,0.2262,0.3155,5,0.3236,1.0,0.1358,-0.2531
KALYANKJIL.NS,2025-08-09,0.44,0.0122,2,0.44,1.0,0.2262,0.1358
KALYANKJIL.NS,2025-08-11,0.3227,,1,0.3227,0.4,0.44,0.2262
KALYANKJIL.NS,2025-08-12,0.1366,,1,0.1366,1.0,0.3227,0.44
KALYANKJIL.NS,2025-08-14,0.0301,0.3789,3,0.2701,1.0,0.1366,0.3227
KOTAKBANK.NS,2025-03-24,0.2758,0.4797,3,0.3748,1.0,,
KOTAKBANK.NS,2025-03-30,0.0963,,1,0.0963,1.0,0.2758,
KOTAKBANK.NS,2025-04-03,0.2076,,1,0.2076,1.0,0.0963,0.2758
KOTAKBANK.NS,2025-04-07,-0.2609,,1,0.2609,1.0,0.2076,0.0963
KOTAKBANK.NS,2025-04-08,0.4429,0.014,2,0.4429,1.0,-0.2609,0.2076
KOTAKBANK.NS,2025-04-11,0.1628,,1,0.1628,1.0,0.4429,-0.2609
KOTAKBANK.NS,2025-04-16,-0.1504,,1,0.1504,1.0,0.1628,0.4429
KOTAKBANK.NS,2025-04-23,0.3061,,1,0.3061,1.0,-0.1504,0.1628
KOTAKBANK.NS,2025-04-27,0.6373,,1,0.6373,1.0,0.3061,-0.1504
KOTAKBANK.NS,2025-05-05,0.0467,0.2422,8,0.1819,1.0,0.6373,0.3061
KOTAKBANK.NS,2025-05-06,0.3441,,1,0.3441,1.0,0.0467,0.6373
KOTAKBANK.NS,2025-05-07,0.4554,,1,0.4554,1.0,0.3441,0.0467
KOTAKBANK.NS,2025-05-14,0.0741,0.3779,2,0.2672,1.0,0.4554,0.3441
KOTAKBANK.NS,2025-05-15,0.1328,,1,0.1328,1.0,0.0741,0.4554
KOTAKBANK.NS,2025-06-09,-0.1379,,1,0.1379,1.0,0.1328,0.0741
KOTAKBANK.NS,2025-06-13,-0.0081,0.0594,2,0.042,1.0,-0.1379,0.1328
KOTAKBANK.NS,2025-06-17,0.4527,,1,0.4527,1.0,-0.0081,-0.1379
KOTAKBANK.NS,2025-06-19,0.3997,,1,0.3997,1.0,0.4527,-0.0081
KOTAKBANK.NS,2025-06-23,0.4537,,1,0.4537,1.0,0.3997,0.4527
KOTAKBANK.NS,2025-06-26,-0.1681,,1,0.1681,1.0,0.4537,0.3997
KOTAKBANK.NS,2025-07-01,-0.2195,,1,0.2195,1.0,-0.1681,0.4537
KOTAKBANK.NS,2025-07-03,0.092,0.0991,2,0.092,1.0,-0.2195,-0.1681
KOTAKBANK.NS,2025-07-08,0.2679,0.3401,3,0.351,0.8,0.092,-0.2195
KOTAKBANK.NS,2025-07-09,0.2461,0.5257,2,0.3717,0.7,0.2679,0.092
KOTAKBANK.NS,2025-07-10,0.5232,,1,0.5232,0.7,0.2461,0.2679
KOTAKBANK.NS,2025-07-11,0.3648,,1,0.3648,0.7,0.5232,0.2461
KOTAKBANK.NS,2025-07-12,0.4157,0.0589,3,0.4157,0.7,0.3648,0.5232
KOTAKBANK.NS,2025-07-14,0.2719,0.4722,3,0.4392,0.6,0.4157,0.3648
KOTAKBANK.NS,2025-07-15,-0.1966,0.1396,2,0.1966,0.7,0.2719,0.4157
KOTAKBANK.NS,2025-07-16,0.3239,0.1788,2,0.3239,0.85,-0.1966,0.2719
KOTAKBANK.NS,2025-07-18,0.298,0.0763,5,0.298,0.7,0.3239,-0.1966
KOTAKBANK.NS,2025-07-19,0.4427,,1,0.4427,0.7,0.298,0.3239
KOTAKBANK.NS,2025-07-21,0.4269,,1,0.4269,0.7,0.4427,0.298
KOTAKBANK.NS,2025-07-23,0.023,0.6609,2,0.4673,0.7,0.4269,0.4427
KOTAKBANK.NS,2025-07-24,0.1734,0.2546,9,0.2505,0.7333,0.023,0.4269
KOTAKBANK.NS,2025-07-25,0.3172,0.3579,4,0.3794,0.7,0.1734,0.023
KOTAKBANK.NS,2025-07-26,0.0683,0.2953,8,0.2613,0.7375,0.3172,0.1734
KOTAKBANK.NS,2025-07-27,0.2533,,1,0.2533,0.4,0.0683,0.3172
KOTAKBANK.NS,2025-07-28,0.1793,0.2399,19,0.2513,0.7632,0.2533,0.0683
KOTAKBANK.NS,2025-07-29,0.376,0.2478,5,0.376,0.82,0.1793,0.2533
KOTAKBANK.NS,2025-07-30,0.4071,,1,0.4071,1.0,0.376,0.1793
KOTAKBANK.NS,2025-07-31,-0.3566,,1,0.3566,1.0,0.4071,0.376
KOTAKBANK.NS,2025-08-01,0.0838,,1,0.0838,0.7,-0.3566,0.4071
KOTAKBANK.NS,2025-08-02,0.4572,,1,0.4572,1.0,0.0838,-0.3566
KOTAKBANK.NS,2025-08-04,0.4569,,1,0.4569,0.7,0.4572,0.0838
KOTAKBANK.NS,2025-08-05,0.3611,,1,0.3611,0.7,0.4569,0.4572
KOTAKBANK.NS,2025-08-06,0.1762,0.0593,2,0.1762,0.7,0.3611,0.4569
KOTAKBANK.NS,2025-08-07,0.5623,0.2101,3,0.5623,0.6,0.1762,0.3611
KOTAKBANK.NS,2025-08-08,0.2241,0.3173,2,0.2243,0.85,0.5623,0.1762
KOTAKBANK.NS,2025-08-10,-0.4662,,1,0.4662,0.7,0.2241,0.5623
KOTAKBANK.NS,2025-08-11,0.0533,0.3469,4,0.2816,0.7,-0.4662,0.2241
KOTAKBANK.NS,2025-08-12,0.4647,,1,0.4647,0.4,0.0533,-0.4662
KOTAKBANK.NS,2025-08-13,0.025,0.3746,5,0.3035,0.7,0.4647,0.0533
KOTAKBANK.NS,2025-08-14,0.3582,0.2299,10,0.3701,0.61,0.025,0.4647
KOTAKBANK.NS,2025-08-15,0.3604,0.1812,8,0.3604,0.7,0.3582,0.025
KOTAKBANK.NS,2025-08-16,0.2899,0.3018,5,0.3655,0.7,0.3604,0.3582
M&M.NS,2025-05-16,0.1873,,1,0.1873,1.0,,
M&M.NS,2025-05-20,0.0483,,1,0.0483,1.0,0.1873,
M&M.NS,2025-05-22,-0.0466,,1,0.0466,1.0,0.0483,0.1873
M&M.NS,2025-05-26,-0.054,0.1697,2,0.12,1.0,-0.0466,0.0483
M&M.NS,2025-05-28,0.5945,,1,0.5945,1.0,-0.054,-0.0466
M&M.NS,2025-06-02,0.1452,0.4218,2,0.2983,1.0,0.5945,-0.054
M&M.NS,2025-06-06,-0.5631,,1,0.5631,1.0,0.1452,0.5945
M&M.NS,2025-06-09,0.4723,0.0172,2,0.4723,1.0,-0.5631,0.1452
M&M.NS,2025-06-12,0.4478,,1,0.4478,1.0,0.4723,-0.5631
M&M.NS,2025-06-18,0.0765,0.5278,2,0.3732,1.0,0.4478,0.4723
M&M.NS,2025-06-20,0.1371,0.4417,2,0.3123,1.0,0.0765,0.4478
M&M.NS,2025-06-22,0.2592,,1,0.2592,1.0,0.1371,0.0765
M&M.NS,2025-06-23,0.3468,0.1486,3,0.3468,1.0,0.2592,0.1371
M&M.NS,2025-06-24,0.0764,,1,0.0764,1.0,0.3468,0.2592
M&M.NS,2025-06-25,0.7304,,1,0.7304,1.0,0.0764,0.3468
M&M.NS,2025-06-26,0.597,,1,0.597,1.0,0.7304,0.0764
M&M.NS,2025-06-30,0.4538,,1,0.4538,1.0,0.597,0.7304
M&M.NS,2025-07-01,0.0373,,1,0.0373,1.0,0.4538,0.597
M&M.NS,2025-07-03,-0.2194,,1,0.2194,1.0,0.0373,0.4538
M&M.NS,2025-07-08,0.4527,,1,0.4527,1.0,-0.2194,0.0373
M&M.NS,2025-07-09,0.6991,,1,0.6991,1.0,0.4527,-0.2194
M&M.NS,2025-07-11,0.079,0.1249,2,0.0883,1.0,0.6991,0.4527
M&M.NS,2025-07-15,0.0828,,1,0.0828,1.0,0.079,0.6991
M&M.NS,2025-07-16,0.1076,0.4906,2,0.3469,1.0,0.0828,0.079
M&M.NS,2025-07-18,0.4511,,1,0.4511,1.0,0.1076,0.0828
M&M.NS,2025-07-20,0.1232,,1,0.1232,1.0,0.4511,0.1076
M&M.NS,2025-07-21,0.449,,1,0.449,1.0,0.1232,0.4511
M&M.NS,2025-07-22,0.112,0.484,2,0.3422,1.0,0.449,0.1232
M&M.NS,2025-07-23,0.2698,,1,0.2698,1.0,0.112,0.449
M&M.NS,2025-07-24,0.4499,,1,0.4499,1.0,0.2698,0.112
M&M.NS,2025-07-25,0.4329,,1,0.4329,1.0,0.4499,0.2698
M&M.NS,2025-07-30,0.0822,0.4627,2,0.3272,1.0,0.4329,0.4499
M&M.NS,2025-07-31,-0.2284,0.4045,3,0.3875,1.0,0.0822,0.4329
M&M.NS,2025-08-01,-0.1386,0.2759,7,0.2516,0.7786,-0.2284,0.0822
M&M.NS,2025-08-02,0.3638,0.208,6,0.3776,0.7917,-0.1386,-0.2284
M&M.NS,2025-08-03,0.1088,0.1738,3,0.1636,0.7833,0.3638,-0.1386
M&M.NS,2025-08-04,0.2221,0.1043,2,0.2221,0.7,0.1088,0.3638
M&M.NS,2025-08-05,0.5965,,1,0.5965,0.7,0.2221,0.1088
M&M.NS,2025-08-06,0.3656,0.3224,6,0.4183,0.6917,0.5965,0.2221
M&M.NS,2025-08-07,0.1341,0.3073,7,0.282,0.6571,0.3656,0.5965
M&M.NS,2025-08-08,0.2533,0.3435,9,0.3593,0.7,0.1341,0.3656
M&M.NS,2025-08-10,0.4314,,1,0.4314,1.0,0.2533,0.1341
M&M.NS,2025-08-11,0.3625,0.2882,3,0.3625,0.7,0.4314,0.2533
M&M.NS,2025-08-12,0.2246,0.4411,6,0.3874,0.7417,0.3625,0.4314
M&M.NS,2025-08-13,0.2964,0.3087,9,0.3731,0.6278,0.2246,0.3625
M&M.NS,2025-08-14,0.387,0.2783,19,0.4465,0.6842,0.2964,0.2246
M&M.NS,2025-08-15,0.1961,0.2608,23,0.2839,0.7196,0.387,0.2964
M&M.NS,2025-08-16,0.3695,0.2084,9,0.394,0.7611,0.1961,0.387
MARUTI.NS,2025-03-25,0.4539,,1,0.4539,1.0,,
MARUTI.NS,2025-03-26,0.4366,0.234,2,0.4366,1.0,0.4539,
MARUTI.NS,2025-04-01,-0.0444,,1,0.0444,1.0,0.4366,0.4539
MARUTI.NS,2025-04-02,0.4474,,1,0.4474,1.0,-0.0444,0.4366
MARUTI.NS,2025-04-03,0.4467,,1,0.4467,1.0,0.4474,-0.0444
MARUTI.NS,2025-04-04,0.2425,,1,0.2425,1.0,0.4467,0.4474
MARUTI.NS,2025-04-25,-0.062,0.4704,4,0.4013,1.0,0.2425,0.4467
MARUTI.NS,2025-04-28,0.1596,0.2411,5,0.2548,1.0,-0.062,0.2425
MARUTI.NS,2025-05-02,0.165,0.4495,4,0.38,1.0,0.1596,-0.062
MARUTI.NS,2025-05-07,0.4554,,1,0.4554,1.0,0.165,0.1596
MARUTI.NS,2025-05-15,-0.1687,,1,0.1687,1.0,0.4554,0.165
MARUTI.NS,2025-05-20,0.0483,,1,0.0483,1.0,-0.1687,0.4554
MARUTI.NS,2025-05-26,-0.174,,1,0.174,1.0,0.0483,-0.1687
MARUTI.NS,2025-06-03,0.2045,0.275,3,0.2487,1.0,-0.174,0.0483
MARUTI.NS,2025-06-04,-0.2336,,1,0.2336,1.0,0.2045,-0.174
MARUTI.NS,2025-06-06,-0.4093,0.2175,2,0.4093,1.0,-0.2336,0.2045
MARUTI.NS,2025-06-12,0.4478,,1,0.4478,1.0,-0.4093,-0.2336
MARUTI.NS,2025-06-20,-0.1753,,1,0.1753,1.0,0.4478,-0.4093
MARUTI.NS,2025-06-23,0.0306,0.2071,2,0.1465,1.0,-0.1753,0.4478
MARUTI.NS,2025-06-30,-0.1721,,1,0.1721,1.0,0.0306,-0.1753
MARUTI.NS,2025-07-01,0.0373,,1,0.0373,1.0,-0.1721,0.0306
MARUTI.NS,2025-07-02,0.722,,1,0.722,1.0,0.0373,-0.1721
MARUTI.NS,2025-07-03,-0.2194,,1,0.2194,1.0,0.722,0.0373
MARUTI.NS,2025-07-04,0.1726,,1,0.1726,1.0,-0.2194,0.722
MARUTI.NS,2025-07-07,-0.0399,,1,0.0399,1.0,0.1726,-0.2194
MARUTI.NS,2025-07-16,0.4545,,1,0.4545,1.0,-0.0399,0.1726
MARUTI.NS,2025-07-17,0.445,,1,0.445,1.0,0.4545,-0.0399
MARUTI.NS,2025-07-29,0.453,,1,0.453,1.0,0.445,0.4545
MARUTI.NS,2025-07-31,-0.2452,,1,0.2452,1.0,0.453,0.445
MARUTI.NS,2025-08-01,-0.0346,0.3521,9,0.2864,0.85,-0.2452,0.453
MARUTI.NS,2025-08-02,0.054,0.3589,2,0.2538,0.675,-0.0346,-0.2452
MARUTI.NS,2025-08-03,0.2907,0.1454,3,0.2907,0.7833,0.054,-0.0346
MARUTI.NS,2025-08-04,0.2693,0.3069,3,0.2693,0.7,0.2907,0.054
MARUTI.NS,2025-08-05,0.3251,0.2817,7,0.3869,0.7429,0.2693,0.2907
MARUTI.NS,2025-08-06,0.2015,0.355,10,0.3354,0.775,0.3251,0.2693
MARUTI.NS,2025-08-07,0.4175,0.0148,2,0.4175,0.7,0.2015,0.3251
MARUTI.NS,2025-08-08,0.5085,0.0906,3,0.5085,0.8667,0.4175,0.2015
MARUTI.NS,2025-08-09,0.4354,0.0057,2,0.4354,0.85,0.5085,0.4175
MARUTI.NS,2025-08-10,0.2639,0.4038,2,0.2855,0.95,0.4354,0.5085
MARUTI.NS,2025-08-11,0.2513,0.3071,4,0.2602,0.95,0.2639,0.4354
MARUTI.NS,2025-08-12,0.2983,0.2426,9,0.3213,0.7333,0.2513,0.2639
MARUTI.NS,2025-08-13,0.2138,0.4006,13,0.395,0.6846,0.2983,0.2513
MARUTI.NS,2025-08-14,0.2679,0.2916,22,0.3438,0.7068,0.2138,0.2983
MARUTI.NS,2025-08-15,0.3816,0.2255,13,0.3919,0.7154,0.2679,0.2138
MARUTI.NS,2025-08-16,0.4285,0.1366,8,0.4285,0.625,0.3816,0.2679
NESTLEIND.NS,2025-02-04,0.3027,,1,0.3027,1.0,,
NESTLEIND.NS,2025-02-05,0.0403,0.1568,3,0.1284,1.0,0.3027,
NESTLEIND.NS,2025-02-25,0.1581,0.4717,2,0.3335,1.0,0.0403,0.3027
NESTLEIND.NS,2025-02-27,0.4512,,1,0.4512,1.0,0.1581,0.0403
NESTLEIND.NS,2025-03-07,0.1693,,1,0.1693,1.0,0.4512,0.1581
NESTLEIND.NS,2025-03-11,0.6165,,1,0.6165,1.0,0.1693,0.4512
NESTLEIND.NS,2025-03-24,0.2097,,1,0.2097,1.0,0.6165,0.1693
NESTLEIND.NS,2025-04-02,0.1642,,1,0.1642,1.0,0.2097,0.6165
NESTLEIND.NS,2025-04-03,0.377,,1,0.377,0.7,0.1642,0.2097
NESTLEIND.NS,2025-04-04,0.5124,,1,0.5124,1.0,0.377,0.1642
NESTLEIND.NS,2025-04-09,0.5077,0.0767,2,0.5077,1.0,0.5124,0.377
NESTLEIND.NS,2025-04-18,0.5964,,1,0.5964,1.0,0.5077,0.5124
NESTLEIND.NS,2025-04-22,0.0479,0.0173,2,0.0479,0.85,0.5964,0.5077
NESTLEIND.NS,2025-04-24,-0.1268,0.2428,5,0.2049,0.94,0.0479,0.5964
NESTLEIND.NS,2025-04-25,0.1803,0.3975,3,0.3073,1.0,-0.1268,0.0479
NESTLEIND.NS,2025-05-08,-0.2791,,1,0.2791,1.0,0.1803,-0.1268
NESTLEIND.NS,2025-05-09,0.4529,,1,0.4529,0.4,-0.2791,0.1803
NESTLEIND.NS,2025-05-23,0.0849,0.3355,4,0.2783,0.775,0.4529,-0.2791
NESTLEIND.NS,2025-05-26,0.3259,0.3872,2,0.3259,0.7,0.0849,0.4529
NESTLEIND.NS,2025-05-27,0.3109,,1,0.3109,1.0,0.3259,0.0849
NESTLEIND.NS,2025-06-03,0.5143,,1,0.5143,1.0,0.3109,0.3259
NESTLEIND.NS,2025-06-12,-0.2228,,1,0.2228,1.0,0.5143,0.3109
NESTLEIND.NS,2025-06-19,0.6384,0.1117,3,0.6384,0.8,-0.2228,0.5143
NESTLEIND.NS,2025-06-20,0.4376,0.0205,2,0.4376,1.0,0.6384,-0.2228
NESTLEIND.NS,2025-06-26,0.5658,0.1799,3,0.5658,0.8,0.4376,0.6384
NESTLEIND.NS,2025-07-03,0.435,,1,0.435,1.0,0.5658,0.4376
NESTLEIND.NS,2025-07-16,-0.1116,,1,0.1116,1.0,0.435,0.5658
NESTLEIND.NS,2025-07-22,0.1269,,1,0.1269,1.0,-0.1116,0.435
NESTLEIND.NS,2025-07-24,0.0604,0.3831,8,0.332,0.8875,0.1269,-0.1116
NESTLEIND.NS,2025-07-25,0.2577,0.1721,3,0.2577,1.0,0.0604,0.1269
NESTLEIND.NS,2025-07-27,0.2695,0.1562,3,0.2695,0.7,0.2577,0.0604
NESTLEIND.NS,2025-07-28,0.2923,0.136,2,0.2923,1.0,0.2695,0.2577
NESTLEIND.NS,2025-07-31,0.4486,,1,0.4486,1.0,0.2923,0.2695
NESTLEIND.NS,2025-08-02,0.4417,0.0147,2,0.4417,1.0,0.4486,0.2923
NESTLEIND.NS,2025-08-05,0.6168,,1,0.6168,1.0,0.4417,0.4486
NESTLEIND.NS,2025-08-06,0.4071,,1,0.4071,1.0,0.6168,0.4417
NESTLEIND.NS,2025-08-08,0.259,,1,0.259,1.0,0.4071,0.6168
NESTLEIND.NS,2025-08-11,0.5852,0.1913,2,0.5852,1.0,0.259,0.4071
NESTLEIND.NS,2025-08-16,0.4572,,1,0.4572,1.0,0.5852,0.259
ONGC.NS,2025-02-01,0.0336,0.5198,3,0.349,1.0,,
ONGC.NS,2025-02-04,0.5288,,1,0.5288,1.0,0.0336,
ONGC.NS,2025-02-05,0.1945,0.0637,2,0.1945,1.0,0.5288,0.0336
ONGC.NS,2025-02-13,0.4504,,1,0.4504,1.0,0.1945,0.5288
ONGC.NS,2025-02-24,-0.3358,,1,0.3358,1.0,0.4504,0.1945
ONGC.NS,2025-02-25,0.5531,,1,0.5531,1.0,-0.3358,0.4504
ONGC.NS,2025-02-28,0.166,,1,0.166,1.0,0.5531,-0.3358
ONGC.NS,2025-03-05,0.6014,,1,0.6014,1.0,0.166,0.5531
ONGC.NS,2025-03-10,0.3204,0.1853,2,0.3204,1.0,0.6014,0.166
ONGC.NS,2025-03-12,0.4555,,1,0.4555,1.0,0.3204,0.6014
ONGC.NS,2025-03-26,0.602,,1,0.602,1.0,0.4555,0.3204
ONGC.NS,2025-03-28,-0.292,,1,0.292,1.0,0.602,0.4555
ONGC.NS,2025-04-01,-0.3553,,1,0.3553,1.0,-0.292,0.602
ONGC.NS,2025-05-05,0.4193,0.05,2,0.4193,1.0,-0.3553,-0.292
ONGC.NS,2025-05-06,0.631,,1,0.631,1.0,0.4193,-0.3553
ONGC.NS,2025-05-16,0.454,,1,0.454,1.0,0.631,0.4193
ONGC.NS,2025-05-21,0.2163,,1,0.2163,1.0,0.454,0.631
ONGC.NS,2025-05-22,-0.1235,0.4784,2,0.3383,1.0,0.2163,0.454
ONGC.NS,2025-05-23,0.2203,,1,0.2203,1.0,-0.1235,0.2163
ONGC.NS,2025-06-13,-0.2722,0.0475,2,0.2722,1.0,0.2203,-0.1235
ONGC.NS,2025-06-16,-0.3097,0.2181,2,0.3097,1.0,-0.2722,0.2203
ONGC.NS,2025-06-19,-0.5408,,1,0.5408,1.0,-0.3097,-0.2722
ONGC.NS,2025-06-20,0.4494,,1,0.4494,1.0,-0.5408,-0.3097
ONGC.NS,2025-06-24,-0.1907,0.3555,3,0.3317,1.0,0.4494,-0.5408
ONGC.NS,2025-06-25,0.4165,,1,0.4165,1.0,-0.1907,0.4494
ONGC.NS,2025-07-03,-0.1762,,1,0.1762,1.0,0.4165,-0.1907
ONGC.NS,2025-07-04,0.4524,,1,0.4524,1.0,-0.1762,0.4165
ONGC.NS,2025-07-07,0.0059,,1,0.0059,1.0,0.4524,-0.1762
ONGC.NS,2025-07-28,0.4329,,1,0.4329,1.0,0.0059,0.4524
ONGC.NS,2025-07-29,0.5402,,1,0.5402,1.0,0.4329,0.0059
ONGC.NS,2025-08-01,0.3394,0.1266,4,0.3394,0.85,0.5402,0.4329
ONGC.NS,2025-08-03,0.3866,0.0773,2,0.3866,0.55,0.3394,0.5402
ONGC.NS,2025-08-04,0.0907,0.1618,2,0.1144,0.7,0.3866,0.3394
ONGC.NS,2025-08-05,0.1269,0.4169,4,0.3687,0.8375,0.0907,0.3866
ONGC.NS,2025-08-06,0.1759,0.327,2,0.2312,0.85,0.1269,0.0907
ONGC.NS,2025-08-07,0.3861,0.4213,4,0.4959,0.7,0.1759,0.1269
ONGC.NS,2025-08-08,0.2968,0.3218,6,0.3917,0.5,0.3861,0.1759
ONGC.NS,2025-08-10,0.4564,0.0871,3,0.4564,0.8,0.2968,0.3861
ONGC.NS,2025-08-11,0.3534,0.2929,9,0.4314,0.7222,0.4564,0.2968
ONGC.NS,2025-08-12,0.1659,0.246,10,0.2378,0.81,0.3534,0.4564
ONGC.NS,2025-08-13,0.0283,0.3392,21,0.2679,0.781,0.1659,0.3534
ONGC.NS,2025-08-14,0.3272,0.327,21,0.4209,0.6952,0.0283,0.1659
ONGC.NS,2025-08-15,0.292,0.2474,17,0.3428,0.6618,0.3272,0.0283
ONGC.NS,2025-08-16,0.2413,0.3661,8,0.3836,0.7,0.292,0.3272
RAJESHEXPO.NS,2025-03-28,0.3154,,1,0.3154,1.0,,
RAJESHEXPO.NS,2025-04-03,0.5199,0.1169,2,0.5199,1.0,0.3154,
RAJESHEXPO.NS,2025-07-28,0.4071,,1,0.4071,1.0,0.5199,0.3154
RAJESHEXPO.NS,2025-08-01,0.4314,,1,0.4314,1.0,0.4071,0.5199
RAJESHEXPO.NS,2025-08-08,0.429,0.0277,2,0.429,0.7,0.4314,0.4071
RAJESHEXPO.NS,2025-08-12,0.4521,,1,0.4521,1.0,0.429,0.4314
RAJESHEXPO.NS,2025-08-13,0.4527,0.0005,2,0.4527,1.0,0.4521,0.429
RAJESHEXPO.NS,2025-08-16,0.4572,,1,0.4572,1.0,0.4527,0.4521
RELIANCE.NS,2025-03-11,0.6165,,1,0.6165,1.0,,
RELIANCE.NS,2025-03-12,0.4555,,1,0.4555,1.0,0.6165,
RELIANCE.NS,2025-03-23,0.4476,,1,0.4476,1.0,0.4555,0.6165
RELIANCE.NS,2025-03-28,-0.4148,,1,0.4148,1.0,0.4476,0.4555
RELIANCE.NS,2025-04-01,0.4524,,1,0.4524,1.0,-0.4148,0.4476
RELIANCE.NS,2025-04-02,0.3659,,1,0.3659,1.0,0.4524,-0.4148
RELIANCE.NS,2025-04-03,0.4467,,1,0.4467,1.0,0.3659,0.4524
RELIANCE.NS,2025-04-04,0.377,,1,0.377,1.0,0.4467,0.3659
RELIANCE.NS,2025-04-23,-0.427,,1,0.427,1.0,0.377,0.4467
RELIANCE.NS,2025-04-25,0.2701,,1,0.2701,1.0,-0.427,0.377
RELIANCE.NS,2025-04-26,0.439,,1,0.439,1.0,0.2701,-0.427
RELIANCE.NS,2025-04-28,-0.0701,0.3591,5,0.2713,1.0,0.439,0.2701
RELIANCE.NS,2025-04-29,0.3927,0.0818,2,0.3927,1.0,-0.0701,0.439
RELIANCE.NS,2025-05-01,-0.0428,,1,0.0428,1.0,0.3927,-0.0701
RELIANCE.NS,2025-05-05,0.4193,0.05,2,0.4193,1.0,-0.0428,0.3927
RELIANCE.NS,2025-05-06,0.631,,1,0.631,1.0,0.4193,-0.0428
RELIANCE.NS,2025-05-15,-0.4087,,1,0.4087,1.0,0.631,0.4193
RELIANCE.NS,2025-06-02,0.2572,0.5944,2,0.4203,1.0,-0.4087,0.631
RELIANCE.NS,2025-06-11,-0.1202,0.2032,2,0.1437,1.0,0.2572,-0.4087
RELIANCE.NS,2025-06-25,0.3358,0.2365,5,0.3657,1.0,-0.1202,0.2572
RELIANCE.NS,2025-06-27,0.4526,,1,0.4526,1.0,0.3358,-0.1202
RELIANCE.NS,2025-06-30,0.5771,,1,0.5771,1.0,0.4526,0.3358
RELIANCE.NS,2025-07-01,-0.3223,0.1455,2,0.3223,1.0,0.5771,0.4526
RELIANCE.NS,2025-07-02,0.722,,1,0.722,1.0,-0.3223,0.5771
RELIANCE.NS,2025-07-04,0.4524,,1,0.4524,1.0,0.722,-0.3223
RELIANCE.NS,2025-07-07,-0.3744,,1,0.3744,1.0,0.4524,0.722
RELIANCE.NS,2025-07-18,-0.0394,0.4215,5,0.3022,1.0,-0.3744,0.4524
RELIANCE.NS,2025-07-21,0.4024,0.1468,2,0.4024,1.0,-0.0394,-0.3744
RELIANCE.NS,2025-07-24,0.4507,0.003,2,0.4507,1.0,0.4024,-0.0394
RELIANCE.NS,2025-07-26,0.4521,,1,0.4521,1.0,0.4507,0.4024
RELIANCE.NS,2025-07-29,0.2998,0.2271,6,0.3063,0.8667,0.4521,0.4507
RELIANCE.NS,2025-07-30,0.0667,0.4028,6,0.3231,0.9083,0.2998,0.4521
RELIANCE.NS,2025-07-31,0.3069,0.2126,2,0.3069,1.0,0.0667,0.2998
RELIANCE.NS,2025-08-01,0.3969,,1,0.3969,0.95,0.3069,0.0667
RELIANCE.NS,2025-08-05,0.2601,0.2718,2,0.2601,0.975,0.3969,0.3069
RELIANCE.NS,2025-08-06,-0.2502,,1,0.2502,0.95,0.2601,0.3969
RELIANCE.NS,2025-08-07,0.174,0.4279,6,0.3749,0.9583,-0.2502,0.2601
RELIANCE.NS,2025-08-08,0.6194,,1,0.6194,0.95,0.174,-0.2502
RELIANCE.NS,2025-08-09,0.453,,1,0.453,1.0,0.6194,0.174
RELIANCE.NS,2025-08-11,0.333,0.0862,3,0.333,0.7,0.453,0.6194
RELIANCE.NS,2025-08-12,0.203,0.3869,4,0.2973,0.825,0.333,0.453
RELIANCE.NS,2025-08-13,0.5172,0.1558,2,0.5172,0.85,0.203,0.333
RELIANCE.NS,2025-08-14,0.1074,0.3329,8,0.2795,0.7312,0.5172,0.203
RELIANCE.NS,2025-08-15,0.2657,0.2417,41,0.3226,0.6927,0.1074,0.5172
RELIANCE.NS,2025-08-16,0.2591,0.297,23,0.3425,0.6457,0.2657,0.1074
SBIN.NS,2025-03-01,-0.2125,,1,0.2125,0.7,,
SBIN.NS,2025-03-04,0.2519,0.4144,4,0.4135,0.55,-0.2125,
SBIN.NS,2025-03-05,0.419,,1,0.419,0.7,0.2519,-0.2125
SBIN.NS,2025-03-06,0.591,,1,0.591,0.7,0.419,0.2519
SBIN.NS,2025-03-21,-0.2688,,1,0.2688,0.7,0.591,0.419
SBIN.NS,2025-03-24,0.4377,,1,0.4377,0.7,-0.2688,0.591
SBIN.NS,2025-04-02,-0.2915,,1,0.2915,0.7,0.4377,-0.2688
SBIN.NS,2025-04-06,0.4055,,1,0.4055,0.7,-0.2915,0.4377
SBIN.NS,2025-04-15,0.0705,,1,0.0705,0.7,0.4055,-0.2915
SBIN.NS,2025-04-18,0.5207,,1,0.5207,0.7,0.0705,0.4055
SBIN.NS,2025-04-20,0.5433,,1,0.5433,0.7,0.5207,0.0705
SBIN.NS,2025-04-21,0.1509,0.4351,2,0.3077,0.55,0.5433,0.5207
SBIN.NS,2025-04-22,0.4082,,1,0.4082,0.7,0.1509,0.5433
SBIN.NS,2025-04-24,0.2567,0.2687,2,0.2567,0.7,0.4082,0.1509
SBIN.NS,2025-04-25,0.1239,0.413,2,0.2921,0.7,0.2567,0.4082
SBIN.NS,2025-04-28,0.0782,,1,0.0782,0.7,0.1239,0.2567
SBIN.NS,2025-05-01,0.4137,,1,0.4137,0.7,0.0782,0.1239
SBIN.NS,2025-05-02,0.2387,0.0079,2,0.2387,0.7,0.4137,0.0782
SBIN.NS,2025-05-03,0.2987,0.1148,3,0.2987,0.7,0.2387,0.4137
SBIN.NS,2025-05-04,0.4705,0.2274,2,0.4705,0.7,0.2987,0.2387
SBIN.NS,2025-05-05,0.3279,0.2146,5,0.3371,0.82,0.4705,0.2987
SBIN.NS,2025-05-06,0.5548,0.0741,2,0.5548,0.85,0.3279,0.4705
SBIN.NS,2025-05-07,0.0566,,1,0.0566,1.0,0.5548,0.3279
SBIN.NS,2025-05-08,0.5698,,1,0.5698,0.7,0.0566,0.5548
SBIN.NS,2025-05-09,-0.0418,0.1697,2,0.12,0.85,0.5698,0.0566
SBIN.NS,2025-05-12,0.5294,0.0811,2,0.5294,0.7,-0.0418,0.5698
SBIN.NS,2025-05-13,-0.0385,,1,0.0385,0.7,0.5294,-0.0418
SBIN.NS,2025-05-14,0.1301,0.4571,2,0.3232,0.85,-0.0385,0.5294
SBIN.NS,2025-05-15,0.4241,0.266,3,0.4241,0.9,0.1301,-0.0385
SBIN.NS,2025-05-19,0.2471,,1,0.2471,0.7,0.4241,0.1301
SBIN.NS,2025-05-20,-0.4274,,1,0.4274,1.0,0.2471,0.4241
SBIN.NS,2025-05-23,0.2614,,1,0.2614,0.7,-0.4274,0.2471
SBIN.NS,2025-05-27,-0.0718,0.6922,2,0.4894,0.85,0.2614,-0.4274
SBIN.NS,2025-05-30,0.1866,,1,0.1866,0.7,-0.0718,0.2614
SBIN.NS,2025-06-02,-0.0518,0.1261,3,0.0794,0.7,0.1866,-0.0718
SBIN.NS,2025-06-03,0.3919,0.0869,2,0.3919,0.85,-0.0518,0.1866
SBIN.NS,2025-06-04,0.4525,,1,0.4525,1.0,0.3919,-0.0518
SBIN.NS,2025-06-05,-0.3129,,1,0.3129,0.4,0.4525,0.3919
SBIN.NS,2025-06-06,-0.4142,0.2105,2,0.4142,0.85,-0.3129,0.4525
SBIN.NS,2025-06-08,0.4534,,1,0.4534,0.7,-0.4142,-0.3129
SBIN.NS,2025-06-09,0.1037,0.3278,4,0.2772,0.775,0.4534,-0.4142
SBIN.NS,2025-06-12,0.5935,,1,0.5935,0.4,0.1037,0.4534
SBIN.NS,2025-06-18,0.3715,,1,0.3715,0.7,0.5935,0.1037
SBIN.NS,2025-06-19,0.1937,,1,0.1937,0.7,0.3715,0.5935
SBIN.NS,2025-06-23,0.4205,,1,0.4205,0.7,0.1937,0.3715
SBIN.NS,2025-06-26,0.1138,0.2609,3,0.2259,0.9,0.4205,0.1937
SBIN.NS,2025-06-27,-0.0506,0.2909,3,0.1991,1.0,0.1138,0.4205
SBIN.NS,2025-07-01,0.0255,0.5326,3,0.386,0.8,-0.0506,0.1138
SBIN.NS,2025-07-02,0.1469,,1,0.1469,0.7,0.0255,-0.0506
SBIN.NS,2025-07-03,0.4305,,1,0.4305,0.7,0.1469,0.0255
SBIN.NS,2025-07-05,0.2516,,1,0.2516,0.7,0.4305,0.1469
SBIN.NS,2025-07-07,0.3099,0.2216,4,0.3196,0.85,0.2516,0.4305
SBIN.NS,2025-07-09,-0.3622,,1,0.3622,0.7,0.3099,0.2516
SBIN.NS,2025-07-11,0.1566,0.2347,3,0.1888,0.7,-0.3622,0.3099
SBIN.NS,2025-07-12,0.44,,1,0.44,0.7,0.1566,-0.3622
SBIN.NS,2025-07-14,-0.0437,0.295,3,0.2405,0.8,0.44,0.1566
SBIN.NS,2025-07-15,0.098,0.3431,3,0.2949,0.7,-0.0437,0.44
SBIN.NS,2025-07-16,0.2556,0.2828,8,0.3152,0.85,0.098,-0.0437
SBIN.NS,2025-07-17,0.0259,0.3178,4,0.2466,0.85,0.2556,0.098
SBIN.NS,2025-07-21,0.0974,0.28,4,0.2092,0.775,0.0259,0.2556
SBIN.NS,2025-07-22,0.3428,0.5286,3,0.5186,0.7,0.0974,0.0259
SBIN.NS,2025-07-23,0.0266,0.2366,2,0.1673,0.55,0.3428,0.0974
SBIN.NS,2025-07-24,-0.009,0.3903,3,0.3033,0.8,0.0266,0.3428
SBIN.NS,2025-07-25,0.2116,0.4001,3,0.3784,0.8,-0.009,0.0266
SBIN.NS,2025-07-26,0.5413,,1,0.5413,0.7,0.2116,-0.009
SBIN.NS,2025-07-28,0.0657,0.0647,2,0.0657,0.55,0.5413,0.2116
SBIN.NS,2025-07-29,0.4071,,1,0.4071,1.0,0.0657,0.5413
SBIN.NS,2025-07-30,0.4386,0.0215,2,0.4386,1.0,0.4071,0.0657
SBIN.NS,2025-07-31,-0.1,0.3629,2,0.2566,1.0,0.4386,0.4071
SBIN.NS,2025-08-02,0.4499,,1,0.4499,1.0,-0.1,0.4386
SBIN.NS,2025-08-04,0.3913,0.0848,3,0.3913,0.6,0.4499,-0.1
SBIN.NS,2025-08-05,0.5037,0.0963,3,0.5037,0.9,0.3913,0.4499
SBIN.NS,2025-08-07,0.5914,,1,0.5914,0.7,0.5037,0.3913
SBIN.NS,2025-08-08,0.1802,0.6001,2,0.4243,0.85,0.5914,0.5037
SBIN.NS,2025-08-09,0.4486,,1,0.4486,1.0,0.1802,0.5914
SBIN.NS,2025-08-10,0.4441,0.0179,2,0.4441,0.85,0.4486,0.1802
SBIN.NS,2025-08-11,0.0249,0.3134,4,0.2209,0.925,0.4441,0.4486
SBIN.NS,2025-08-12,0.24,0.2507,4,0.2505,1.0,0.0249,0.4441
SBIN.NS,2025-08-14,0.4248,0.1118,2,0.4248,1.0,0.24,0.0249
TATAMOTORS.NS,2025-05-07,0.1412,,1,0.1412,1.0,,
TATAMOTORS.NS,2025-05-08,-0.2815,,1,0.2815,1.0,0.1412,
TATAMOTORS.NS,2025-05-11,0.6049,,1,0.6049,1.0,-0.2815,0.1412
TATAMOTORS.NS,2025-05-12,0.4512,,1,0.4512,1.0,0.6049,-0.2815
TATAMOTORS.NS,2025-05-13,0.0485,0.1025,3,0.0627,1.0,0.4512,0.6049
TATAMOTORS.NS,2025-05-14,0.1368,0.2868,4,0.256,1.0,0.0485,0.4512
TATAMOTORS.NS,2025-05-15,-0.0786,0.1274,2,0.0901,1.0,0.1368,0.0485
TATAMOTORS.NS,2025-05-20,0.0483,,1,0.0483,1.0,-0.0786,0.1368
TATAMOTORS.NS,2025-05-26,-0.174,,1,0.174,1.0,0.0483,-0.0786
TATAMOTORS.NS,2025-06-02,0.4434,,1,0.4434,1.0,-0.174,0.0483
TATAMOTORS.NS,2025-06-04,-0.1611,,1,0.1611,1.0,0.4434,-0.174
TATAMOTORS.NS,2025-06-06,-0.0363,,1,0.0363,1.0,-0.1611,0.4434
TATAMOTORS.NS,2025-06-09,0.5312,,1,0.5312,1.0,-0.0363,-0.1611
TATAMOTORS.NS,2025-06-10,-0.2786,,1,0.2786,1.0,0.5312,-0.0363
TATAMOTORS.NS,2025-06-12,-0.168,,1,0.168,1.0,-0.2786,0.5312
TATAMOTORS.NS,2025-06-16,-0.0839,,1,0.0839,1.0,-0.168,-0.2786
TATAMOTORS.NS,2025-06-17,0.0753,,1,0.0753,1.0,-0.0839,-0.168
TATAMOTORS.NS,2025-06-18,0.0542,0.0146,2,0.0542,1.0,0.0753,-0.0839
TATAMOTORS.NS,2025-06-23,0.1771,,1,0.1771,1.0,0.0542,0.0753
TATAMOTORS.NS,2025-06-24,0.0764,,1,0.0764,1.0,0.1771,0.0542
TATAMOTORS.NS,2025-07-01,0.0373,,1,0.0373,1.0,0.0764,0.1771
TATAMOTORS.NS,2025-07-07,-0.0399,,1,0.0399,1.0,0.0373,0.0764
TATAMOTORS.NS,2025-07-08,0.2384,0.3031,2,0.2384,1.0,-0.0399,0.0373
TATAMOTORS.NS,2025-07-09,0.4134,,1,0.4134,1.0,0.2384,-0.0399
TATAMOTORS.NS,2025-07-11,0.1671,,1,0.1671,1.0,0.4134,0.2384
TATAMOTORS.NS,2025-07-14,0.4522,,1,0.4522,1.0,0.1671,0.4134
TATAMOTORS.NS,2025-07-23,-0.2379,,1,0.2379,1.0,0.4522,0.1671
TATAMOTORS.NS,2025-07-24,0.0887,0.4235,2,0.2995,1.0,-0.2379,0.4522
TATAMOTORS.NS,2025-07-25,-0.055,,1,0.055,1.0,0.0887,-0.2379
TATAMOTORS.NS,2025-07-29,0.4071,,1,0.4071,1.0,-0.055,0.0887
TATAMOTORS.NS,2025-07-30,0.0591,0.1251,10,0.1099,0.7,0.4071,-0.055
TATAMOTORS.NS,2025-07-31,0.2126,0.2423,3,0.2126,1.0,0.0591,0.4071
TATAMOTORS.NS,2025-08-01,0.1308,0.2464,5,0.1818,0.76,0.2126,0.0591
TATAMOTORS.NS,2025-08-02,0.164,0.4026,2,0.2847,0.85,0.1308,0.2126
TATAMOTORS.NS,2025-08-03,0.3428,,1,0.3428,0.7,0.164,0.1308
TATAMOTORS.NS,2025-08-04,0.3923,0.256,6,0.4245,0.75,0.3428,0.164
TATAMOTORS.NS,2025-08-05,0.329,0.2938,3,0.3358,0.7,0.3923,0.3428
TATAMOTORS.NS,2025-08-06,0.2452,0.3988,3,0.3879,0.7,0.329,0.3923
TATAMOTORS.NS,2025-08-07,0.044,,1,0.044,0.7,0.2452,0.329
TATAMOTORS.NS,2025-08-08,0.0847,0.241,11,0.197,0.7545,0.044,0.2452
TATAMOTORS.NS,2025-08-09,0.3969,,1,0.3969,0.7,0.0847,0.044
TATAMOTORS.NS,2025-08-10,0.5033,,1,0.5033,0.7,0.3969,0.0847
TATAMOTORS.NS,2025-08-11,0.266,0.3431,11,0.3855,0.7273,0.5033,0.3969
TATAMOTORS.NS,2025-08-12,0.277,0.2426,7,0.3324,0.6571,0.266,0.5033
TATAMOTORS.NS,2025-08-13,0.2464,0.2749,13,0.3032,0.6308,0.277,0.266
TATAMOTORS.NS,2025-08-14,0.2962,0.2419,14,0.3482,0.6357,0.2464,0.277
TATAMOTORS.NS,2025-08-15,0.2744,0.2507,15,0.3215,0.62,0.2962,0.2464
TATAMOTORS.NS,2025-08-16,0.4276,0.1011,9,0.4276,0.7,0.2744,0.2962
TCS.NS,2025-07-21,0.1731,,1,0.1731,1.0,,
TCS.NS,2025-07-22,0.0221,0.2665,2,0.1885,1.0,0.1731,
TCS.NS,2025-07-23,-0.2489,,1,0.2489,1.0,0.0221,0.1731
TCS.NS,2025-07-24,0.3443,0.1494,2,0.3443,1.0,-0.2489,0.0221
TCS.NS,2025-07-25,0.0741,0.0943,3,0.0972,1.0,0.3443,-0.2489
TCS.NS,2025-07-28,0.0974,0.1695,6,0.1745,1.0,0.0741,0.3443
TCS.NS,2025-07-29,0.2212,0.1797,4,0.2212,1.0,0.0974,0.0741
TCS.NS,2025-07-30,-0.1091,0.3778,2,0.2672,1.0,0.2212,0.0974
TCS.NS,2025-07-31,0.0946,0.3446,3,0.2514,1.0,-0.1091,0.2212
TCS.NS,2025-08-01,0.2387,,1,0.2387,1.0,0.0946,-0.1091
TCS.NS,2025-08-04,-0.1681,,1,0.1681,1.0,0.2387,0.0946
TCS.NS,2025-08-05,0.1057,0.2267,9,0.1878,0.8556,-0.1681,0.2387
TCS.NS,2025-08-06,0.3952,0.2031,7,0.3952,0.8143,0.1057,-0.1681
TCS.NS,2025-08-07,0.2171,0.2349,8,0.2217,0.8938,0.3952,0.1057
TCS.NS,2025-08-08,0.2163,0.2935,14,0.281,0.7929,0.2171,0.3952
TCS.NS,2025-08-09,0.1638,0.4149,2,0.2934,0.85,0.2163,0.2171
TCS.NS,2025-08-10,0.2528,0.0538,2,0.2528,0.55,0.1638,0.2163
TCS.NS,2025-08-11,0.1854,0.3075,9,0.323,0.85,0.2528,0.1638
TCS.NS,2025-08-12,0.0818,0.281,12,0.2391,0.85,0.1854,0.2528
TCS.NS,2025-08-13,0.2983,0.2096,8,0.3412,0.7,0.0818,0.1854
TCS.NS,2025-08-14,0.1308,0.3293,7,0.2751,0.8286,0.2983,0.0818
TCS.NS,2025-08-15,0.3386,0.2712,41,0.3976,0.6707,0.1308,0.2983
TCS.NS,2025-08-16,0.4832,0.1244,8,0.4832,0.625,0.3386,0.1308
THANGAMAYL.NS,2025-02-01,0.2188,0.7745,2,0.5477,0.7,,
THANGAMAYL.NS,2025-02-04,0.7067,,1,0.7067,0.7,0.2188,
THANGAMAYL.NS,2025-02-05,0.0448,0.2346,2,0.1659,0.85,0.7067,0.2188
THANGAMAYL.NS,2025-02-06,-0.1443,0.4494,2,0.3178,0.85,0.0448,0.7067
THANGAMAYL.NS,2025-02-08,0.7111,,1,0.7111,0.7,-0.1443,0.0448
THANGAMAYL.NS,2025-02-10,0.6235,,1,0.6235,0.7,0.7111,-0.1443
THANGAMAYL.NS,2025-02-25,-0.0785,0.2002,8,0.1856,0.7375,0.6235,0.7111
THANGAMAYL.NS,2025-03-04,0.3862,,1,0.3862,0.4,-0.0785,0.6235
THANGAMAYL.NS,2025-03-07,0.6374,,1,0.6374,0.7,0.3862,-0.0785
THANGAMAYL.NS,2025-03-10,0.444,0.0105,2,0.444,0.85,0.6374,0.3862
THANGAMAYL.NS,2025-03-11,0.2197,,1,0.2197,0.7,0.444,0.6374
THANGAMAYL.NS,2025-03-23,0.4255,,1,0.4255,0.7,0.2197,0.444
THANGAMAYL.NS,2025-03-28,0.6444,,1,0.6444,0.7,0.4255,0.2197
THANGAMAYL.NS,2025-04-01,-0.4314,,1,0.4314,0.7,0.6444,0.4255
THANGAMAYL.NS,2025-04-03,0.5277,0.1058,2,0.5277,1.0,-0.4314,0.6444
THANGAMAYL.NS,2025-04-08,0.3911,,1,0.3911,0.7,0.5277,-0.4314
THANGAMAYL.NS,2025-04-09,0.4588,,1,0.4588,0.7,0.3911,0.5277
THANGAMAYL.NS,2025-04-16,0.661,,1,0.661,1.0,0.4588,0.3911
THANGAMAYL.NS,2025-04-22,-0.3938,,1,0.3938,0.7,0.661,0.4588
THANGAMAYL.NS,2025-04-25,0.6445,,1,0.6445,0.7,-0.3938,0.661
THANGAMAYL.NS,2025-05-15,-0.2347,0.15,6,0.2385,0.75,0.6445,-0.3938
THANGAMAYL.NS,2025-05-16,0.2956,,1,0.2956,0.7,-0.2347,0.6445
THANGAMAYL.NS,2025-06-04,0.7027,,1,0.7027,0.4,0.2956,-0.2347
THANGAMAYL.NS,2025-07-07,0.0412,,1,0.0412,0.7,0.7027,0.2956
THANGAMAYL.NS,2025-07-08,-0.1994,,1,0.1994,1.0,0.0412,0.7027
THANGAMAYL.NS,2025-07-14,0.6672,,1,0.6672,0.7,-0.1994,0.0412
THANGAMAYL.NS,2025-07-21,0.5888,0.1725,3,0.5888,0.7,0.6672,-0.1994
THANGAMAYL.NS,2025-07-24,0.4499,,1,0.4499,1.0,0.5888,0.6672
THANGAMAYL.NS,2025-07-27,0.4486,,1,0.4486,1.0,0.4499,0.5888
THANGAMAYL.NS,2025-07-28,0.2568,0.2724,6,0.3123,0.6,0.4486,0.4499
THANGAMAYL.NS,2025-07-29,0.0229,0.4456,3,0.3309,0.8,0.2568,0.4486
THANGAMAYL.NS,2025-08-02,0.4572,,1,0.4572,1.0,0.0229,0.2568
THANGAMAYL.NS,2025-08-06,0.5254,0.1329,2,0.5254,0.85,0.4572,0.0229
THANGAMAYL.NS,2025-08-08,0.5558,,1,0.5558,0.4,0.5254,0.4572
THANGAMAYL.NS,2025-08-10,0.304,,1,0.304,0.7,0.5558,0.5254
THANGAMAYL.NS,2025-08-11,0.4329,,1,0.4329,1.0,0.304,0.5558
THANGAMAYL.NS,2025-08-12,0.453,,1,0.453,1.0,0.4329,0.304
THANGAMAYL.NS,2025-08-13,0.4316,0.0294,2,0.4316,1.0,0.453,0.4329
THANGAMAYL.NS,2025-08-15,0.4521,,1,0.4521,1.0,0.4316,0.453
THANGAMAYL.NS,2025-08-16,0.5868,0.0026,2,0.5868,0.4,0.4521,0.4316
TITAN.NS,2025-02-06,0.4942,0.1769,2,0.4942,1.0,,
TITAN.NS,2025-02-10,0.3367,,1,0.3367,1.0,0.4942,
TITAN.NS,2025-02-18,0.4273,,1,0.4273,1.0,0.3367,0.4942
TITAN.NS,2025-03-04,-0.0577,,1,0.0577,1.0,0.4273,0.3367
TITAN.NS,2025-03-20,-0.0356,,1,0.0356,1.0,-0.0577,0.4273
TITAN.NS,2025-03-21,0.4522,,1,0.4522,1.0,-0.0356,-0.0577
TITAN.NS,2025-04-03,0.5277,0.1058,2,0.5277,1.0,0.4522,-0.0356
TITAN.NS,2025-04-08,0.1969,0.5007,2,0.3541,1.0,0.5277,0.4522
TITAN.NS,2025-05-07,0.1782,,1,0.1782,1.0,0.1969,0.5277
TITAN.NS,2025-05-08,-0.1458,0.4955,4,0.4369,1.0,0.1782,0.1969
TITAN.NS,2025-05-09,0.2617,0.2511,4,0.3141,1.0,-0.1458,0.1782
TITAN.NS,2025-05-11,0.6049,,1,0.6049,1.0,0.2617,-0.1458
TITAN.NS,2025-05-19,0.4212,,1,0.4212,1.0,0.6049,0.2617
TITAN.NS,2025-06-06,-0.5631,,1,0.5631,1.0,0.4212,0.6049
TITAN.NS,2025-06-13,0.445,,1,0.445,1.0,-0.5631,0.4212
TITAN.NS,2025-06-25,-0.3519,,1,0.3519,1.0,0.445,-0.5631
TITAN.NS,2025-06-26,0.4545,,1,0.4545,1.0,-0.3519,0.445
TITAN.NS,2025-07-07,0.4527,,1,0.4527,1.0,0.4545,-0.3519
TITAN.NS,2025-07-08,0.1435,0.3286,4,0.2804,1.0,0.4527,0.4545
TITAN.NS,2025-07-21,0.3659,0.0481,3,0.3659,1.0,0.1435,0.4527
TITAN.NS,2025-07-22,0.2453,0.6505,2,0.46,1.0,0.3659,0.1435
TITAN.NS,2025-07-25,0.4499,,1,0.4499,1.0,0.2453,0.3659
TITAN.NS,2025-07-26,0.4521,,1,0.4521,1.0,0.4499,0.2453
TITAN.NS,2025-07-28,0.0642,,1,0.0642,1.0,0.4521,0.4499
TITAN.NS,2025-07-29,0.2916,,1,0.2916,1.0,0.0642,0.4521
TITAN.NS,2025-08-01,-0.1881,,1,0.1881,0.95,0.2916,0.0642
TITAN.NS,2025-08-02,0.453,,1,0.453,1.0,-0.1881,0.2916
TITAN.NS,2025-08-03,0.2933,0.2092,2,0.2933,0.55,0.453,-0.1881
TITAN.NS,2025-08-04,0.2946,0.12,3,0.2946,0.8833,0.2933,0.453
TITAN.NS,2025-08-05,0.1995,0.3257,7,0.3233,0.85,0.2946,0.2933
TITAN.NS,2025-08-06,0.2601,0.2444,4,0.2601,0.9125,0.1995,0.2946
TITAN.NS,2025-08-07,-0.026,0.2759,18,0.246,0.8556,0.2601,0.1995
TITAN.NS,2025-08-08,0.1561,0.3487,28,0.3362,0.8625,-0.026,0.2601
TITAN.NS,2025-08-10,0.0408,0.4392,3,0.3516,0.6833,0.1561,-0.026
TITAN.NS,2025-08-11,0.0556,0.285,10,0.2215,0.635,0.0408,0.1561
TITAN.NS,2025-08-12,0.36,0.0835,3,0.36,0.8833,0.0556,0.0408
TITAN.NS,2025-08-13,0.0899,0.366,5,0.303,0.58,0.36,0.0556
TITAN.NS,2025-08-14,0.2898,0.2663,10,0.3498,0.605,0.0899,0.36
TITAN.NS,2025-08-15,0.4239,0.1451,10,0.4239,0.61,0.2898,0.0899
TITAN.NS,2025-08-16,0.4428,0.1863,10,0.4428,0.61,0.4239,0.2898
WIPRO.NS,2025-04-17,0.0969,0.3062,7,0.2418,1.0,,
WIPRO.NS,2025-04-23,-0.2523,,1,0.2523,1.0,0.0969,
WIPRO.NS,2025-04-25,0.4495,,1,0.4495,1.0,-0.2523,0.0969
WIPRO.NS,2025-04-29,0.4974,,1,0.4974,1.0,0.4495,-0.2523
WIPRO.NS,2025-05-05,0.4547,,1,0.4547,1.0,0.4974,0.4495
WIPRO.NS,2025-05-15,0.6543,,1,0.6543,1.0,0.4547,0.4974
WIPRO.NS,2025-05-22,-0.2143,,1,0.2143,1.0,0.6543,0.4547
WIPRO.NS,2025-05-29,0.344,,1,0.344,1.0,-0.2143,0.6543
WIPRO.NS,2025-05-30,0.7832,,1,0.7832,1.0,0.344,-0.2143
WIPRO.NS,2025-06-02,-0.2669,,1,0.2669,1.0,0.7832,0.344
WIPRO.NS,2025-06-04,0.2288,0.3141,2,0.2288,1.0,-0.2669,0.7832
WIPRO.NS,2025-06-09,-0.3201,,1,0.3201,1.0,0.2288,-0.2669
WIPRO.NS,2025-06-10,-0.2135,,1,0.2135,1.0,-0.3201,0.2288
WIPRO.NS,2025-06-11,0.08,0.5214,2,0.3687,1.0,-0.2135,-0.3201
WIPRO.NS,2025-06-12,-0.2087,,1,0.2087,1.0,0.08,-0.2135
WIPRO.NS,2025-06-18,0.1585,0.1329,2,0.1585,1.0,-0.2087,0.08
WIPRO.NS,2025-06-20,0.4494,,1,0.4494,1.0,0.1585,-0.2087
WIPRO.NS,2025-06-24,-0.2812,,1,0.2812,1.0,0.4494,0.1585
WIPRO.NS,2025-06-27,-0.3441,,1,0.3441,1.0,-0.2812,0.4494
WIPRO.NS,2025-07-11,0.1398,0.0668,3,0.1398,1.0,-0.3441,-0.2812
WIPRO.NS,2025-07-14,0.1995,0.0468,2,0.1995,1.0,0.1398,-0.3441
WIPRO.NS,2025-07-16,0.2558,,1,0.2558,1.0,0.1995,0.1398
WIPRO.NS,2025-07-17,-0.2429,,1,0.2429,1.0,0.2558,0.1995
WIPRO.NS,2025-07-18,0.0139,0.3685,7,0.2789,1.0,-0.2429,0.2558
WIPRO.NS,2025-07-21,0.1905,,1,0.1905,1.0,0.0139,-0.2429
WIPRO.NS,2025-07-25,0.167,,1,0.167,1.0,0.1905,0.0139
WIPRO.NS,2025-07-26,0.4499,,1,0.4499,1.0,0.167,0.1905
WIPRO.NS,2025-07-28,0.2842,0.1206,2,0.2842,0.975,0.4499,0.167
WIPRO.NS,2025-07-29,0.4717,,1,0.4717,0.7,0.2842,0.4499
WIPRO.NS,2025-07-30,0.0379,0.5857,2,0.4142,1.0,0.4717,0.2842
WIPRO.NS,2025-07-31,0.0667,,1,0.0667,1.0,0.0379,0.4717
WIPRO.NS,2025-08-01,0.1875,0.325,5,0.2675,0.64,0.0667,0.0379
WIPRO.NS,2025-08-03,0.2586,0.3858,4,0.3446,0.775,0.1875,0.0667
WIPRO.NS,2025-08-04,0.1509,0.6707,2,0.4743,0.55,0.2586,0.1875
WIPRO.NS,2025-08-05,-0.0319,0.5049,4,0.3475,0.625,0.1509,0.2586
WIPRO.NS,2025-08-06,0.3828,0.2621,11,0.4116,0.7773,-0.0319,0.1509
WIPRO.NS,2025-08-07,0.1761,0.334,7,0.3215,0.6929,0.3828,-0.0319
WIPRO.NS,2025-08-08,0.2094,0.349,8,0.3205,0.6625,0.1761,0.3828
WIPRO.NS,2025-08-09,0.4902,0.1084,3,0.4902,0.8833,0.2094,0.1761
WIPRO.NS,2025-08-10,0.0949,,1,0.0949,0.7,0.4902,0.2094
WIPRO.NS,2025-08-11,0.4858,0.0184,2,0.4858,0.4,0.0949,0.4902
WIPRO.NS,2025-08-12,0.4122,0.2926,6,0.4483,0.7917,0.4858,0.0949
WIPRO.NS,2025-08-13,0.2332,0.3778,11,0.4033,0.6136,0.4122,0.4858
WIPRO.NS,2025-08-14,0.1684,0.2873,18,0.2834,0.6306,0.2332,0.4122
WIPRO.NS,2025-08-15,0.2706,0.3242,15,0.3762,0.64,0.1684,0.2332
WIPRO.NS,2025-08-16,0.302,0.1727,8,0.302,0.7,0.2706,0.1684
