horizon,bundle,model,bundle_type,n_features,train_size,test_size,accuracy,precision,recall,f1_score,specificity,roc_auc,true_positives,true_negatives,false_positives,false_negatives,positive_predictive_value,negative_predictive_value,balanced_accuracy,f2_score,mcc
1,sentiment_only,logistic_l1,sentiment,7,169,241,0.5062240663900415,0.38235294117647056,0.2524271844660194,0.30409356725146197,0.6956521739130435,0.45532573519065705,26,96,42,77,0.38235294117647056,0.5549132947976878,0.47403967918953144,0.2708333333333333,-0.05707168544486973
1,sentiment_only,logistic_l2,sentiment,7,169,241,0.5062240663900415,0.38571428571428573,0.2621359223300971,0.31213872832369943,0.6884057971014492,0.45511467567187275,27,95,43,76,0.38571428571428573,0.5555555555555556,0.47527085971577315,0.2800829875518672,-0.053895200791035255
1,sentiment_only,random_forest,sentiment,7,169,241,0.5020746887966805,0.4297520661157025,0.5048543689320388,0.4642857142857143,0.5,0.5148445194878288,52,69,69,51,0.4297520661157025,0.575,0.5024271844660194,0.4878048780487805,0.004802945150119932
1,sentiment_only,gradient_boosting,sentiment,7,169,241,0.46473029045643155,0.42073170731707316,0.6699029126213593,0.5168539325842697,0.3115942028985507,0.4925425636696215,69,43,95,34,0.42073170731707316,0.5584415584415584,0.49074855775995496,0.5989583333333334,-0.019630452306698774
1,sentiment_only,xgboost,sentiment,7,169,241,0.49377593360995853,0.42748091603053434,0.5436893203883495,0.47863247863247865,0.45652173913043476,0.5298297453215141,56,63,75,47,0.42748091603053434,0.5727272727272728,0.5001055297593922,0.5156537753222836,0.00020961922392534173
1,sentiment_only,svm_rbf,sentiment,7,169,241,0.4854771784232365,0.40186915887850466,0.4174757281553398,0.4095238095238095,0.5362318840579711,0.5353172928099057,43,74,64,60,0.40186915887850466,0.5522388059701493,0.4768538061066554,0.4142581888246628,-0.04609177678877745
1,sentiment_only,knn,sentiment,7,169,241,0.43983402489626555,0.3974358974358974,0.6019417475728155,0.47876447876447875,0.3188405797101449,0.4729140284226819,62,44,94,41,0.3974358974358974,0.5176470588235295,0.4603911636414802,0.545774647887324,-0.08201786743837745
1,sentiment_only,naive_bayes,sentiment,7,169,241,0.4979253112033195,0.4423076923076923,0.6699029126213593,0.5328185328185329,0.3695652173913043,0.47762769100886454,69,51,87,34,0.4423076923076923,0.6,0.5197340650063318,0.6073943661971831,0.04086325367045271
1,technical_only,logistic_l1,technical,49,169,241,0.4979253112033195,0.453125,0.8446601941747572,0.5898305084745763,0.2391304347826087,0.5408751934712255,87,33,105,16,0.453125,0.673469387755102,0.541895314478683,0.7201986754966887,0.10299234618394064
1,technical_only,logistic_l2,technical,49,169,241,0.46887966804979253,0.4371859296482412,0.8446601941747572,0.5761589403973509,0.18840579710144928,0.5408751934712255,87,26,112,16,0.4371859296482412,0.6190476190476191,0.5165329956381033,0.7119476268412439,0.043120969731761036
1,technical_only,random_forest,technical,49,169,241,0.4190871369294606,0.4170403587443946,0.9029126213592233,0.5705521472392638,0.057971014492753624,0.5434079076966372,93,8,130,10,0.4170403587443946,0.4444444444444444,0.4804418179259885,0.7322834645669292,-0.07360849732537987
1,technical_only,gradient_boosting,technical,49,169,241,0.44398340248962653,0.4093567251461988,0.6796116504854369,0.5109489051094891,0.26811594202898553,0.47298438159560996,70,37,101,33,0.4093567251461988,0.5285714285714286,0.4738637962572112,0.6003430531732419,-0.05696178405083811
1,technical_only,xgboost,technical,49,169,241,0.45643153526970953,0.42473118279569894,0.7669902912621359,0.5467128027681661,0.2246376811594203,0.5040101308569016,79,31,107,24,0.42473118279569894,0.5636363636363636,0.4958139862107781,0.6605351170568562,-0.009868496444531917
1,technical_only,svm_rbf,technical,49,169,241,0.4979253112033195,0.4274193548387097,0.5145631067961165,0.4669603524229075,0.4855072463768116,0.4874067820458703,53,67,71,50,0.4274193548387097,0.5726495726495726,0.500035176586464,0.4944029850746269,6.963668216267969e-05
1,technical_only,knn,technical,49,169,241,0.5103734439834025,0.4528301886792453,0.6990291262135923,0.549618320610687,0.3695652173913043,0.5224426621640635,72,51,87,31,0.4528301886792453,0.6219512195121951,0.5342971718024483,0.6304728546409807,0.07162109751142948
1,technical_only,naive_bayes,technical,49,169,241,0.4605809128630705,0.4372093023255814,0.912621359223301,0.5911949685534591,0.12318840579710146,0.5392570704938793,94,17,121,9,0.4372093023255814,0.6538461538461539,0.5179048825102013,0.7496012759170654,0.05710231597173088
1,hybrid,logistic_l1,hybrid,56,169,241,0.5103734439834025,0.44966442953020136,0.6504854368932039,0.5317460317460317,0.4057971014492754,0.5215280709159983,67,56,82,36,0.44966442953020136,0.6086956521739131,0.5281412691712397,0.5971479500891266,0.05731189698642019
1,hybrid,logistic_l2,hybrid,56,169,241,0.4854771784232365,0.43636363636363634,0.6990291262135923,0.5373134328358209,0.32608695652173914,0.5304629238778669,72,45,93,31,0.43636363636363634,0.5921052631578947,0.5125580413676657,0.6239168110918544,0.02673999318935236
1,hybrid,random_forest,hybrid,56,169,241,0.4315352697095436,0.42342342342342343,0.912621359223301,0.5784615384615385,0.07246376811594203,0.529126213592233,94,10,128,9,0.42342342342342343,0.5263157894736842,0.4925425636696215,0.7413249211356467,-0.027379430955902964
1,hybrid,gradient_boosting,hybrid,56,169,241,0.4315352697095436,0.40555555555555556,0.7087378640776699,0.5159010600706714,0.2246376811594203,0.47875334177571405,73,31,107,30,0.40555555555555556,0.5081967213114754,0.4666877726185451,0.6165540540540541,-0.075803743497775
1,hybrid,xgboost,hybrid,56,169,241,0.46887966804979253,0.4260355029585799,0.6990291262135923,0.5294117647058824,0.2971014492753623,0.5223723089911354,72,41,97,31,0.4260355029585799,0.5694444444444444,0.4980652877444773,0.6196213425129088,-0.004182105009436313
1,hybrid,svm_rbf,hybrid,56,169,241,0.49377593360995853,0.42962962962962964,0.5631067961165048,0.48739495798319327,0.4420289855072464,0.47572815533980584,58,61,77,45,0.42962962962962964,0.5754716981132075,0.5025678908118756,0.5301645338208409,0.005118525693829769
1,hybrid,knn,hybrid,56,169,241,0.4730290456431535,0.42207792207792205,0.6310679611650486,0.5058365758754864,0.35507246376811596,0.5143520472773323,65,49,89,38,0.42207792207792205,0.5632183908045977,0.4930702124665823,0.5742049469964664,-0.01427539335233812
1,hybrid,naive_bayes,hybrid,56,169,241,0.4605809128630705,0.4372093023255814,0.912621359223301,0.5911949685534591,0.12318840579710146,0.5392570704938793,94,17,121,9,0.4372093023255814,0.6538461538461539,0.5179048825102013,0.7496012759170654,0.05710231597173088
1,sentiment_core,logistic_l1,sentiment,4,169,241,0.48132780082987553,0.3382352941176471,0.22330097087378642,0.26900584795321636,0.6739130434782609,0.44554664415365136,23,93,45,80,0.3382352941176471,0.5375722543352601,0.44860700717602364,0.23958333333333334,-0.11298337728313641
1,sentiment_core,logistic_l2,sentiment,4,169,241,0.46887966804979253,0.3076923076923077,0.1941747572815534,0.23809523809523808,0.6739130434782609,0.4447024060785142,20,93,45,83,0.3076923076923077,0.5284090909090909,0.43404390037990714,0.20964360587002095,-0.1470381751888947
1,sentiment_core,random_forest,sentiment,4,169,241,0.5020746887966805,0.4260869565217391,0.47572815533980584,0.44954128440366975,0.5217391304347826,0.5104826227662866,49,72,66,54,0.4260869565217391,0.5714285714285714,0.4987336428872942,0.4648956356736243,-0.0025084771681013716
1,sentiment_core,gradient_boosting,sentiment,4,169,241,0.47717842323651455,0.4108527131782946,0.5145631067961165,0.45689655172413796,0.4492753623188406,0.4959898691430983,53,62,76,50,0.4108527131782946,0.5535714285714286,0.48191923455747854,0.4898336414048059,-0.0358674991723607
1,sentiment_core,xgboost,sentiment,4,169,241,0.4854771784232365,0.4233576642335766,0.5631067961165048,0.48333333333333334,0.427536231884058,0.5126283945405937,58,59,79,45,0.4233576642335766,0.5673076923076923,0.4953215140002814,0.5282331511839709,-0.00934580106080136
1,sentiment_core,svm_rbf,sentiment,4,169,241,0.5186721991701245,0.4444444444444444,0.5048543689320388,0.4727272727272727,0.5289855072463768,0.5161108766005346,52,73,65,51,0.4444444444444444,0.5887096774193549,0.5169199380892078,0.4914933837429111,0.03349524412024893
1,sentiment_core,knn,sentiment,4,169,241,0.4896265560165975,0.4305555555555556,0.6019417475728155,0.5020242914979757,0.4057971014492754,0.4878289010834388,62,56,82,41,0.4305555555555556,0.5773195876288659,0.5038694245110454,0.5575539568345323,0.007806698670474375
1,sentiment_core,naive_bayes,sentiment,4,169,241,0.46473029045643155,0.3898305084745763,0.44660194174757284,0.416289592760181,0.4782608695652174,0.4577880962431405,46,66,72,57,0.3898305084745763,0.5365853658536586,0.4624314056563951,0.4339622641509434,-0.07435660249757771
1,technical_trend,logistic_l1,technical,15,169,241,0.46887966804979253,0.4396135265700483,0.883495145631068,0.5870967741935483,0.15942028985507245,0.5474883917264668,91,22,116,12,0.4396135265700483,0.6470588235294118,0.5214577177430703,0.7350565428109854,0.06098837306508147
1,technical_trend,logistic_l2,technical,15,169,241,0.4896265560165975,0.4504950495049505,0.883495145631068,0.5967213114754099,0.1956521739130435,0.5413676656817223,91,27,111,12,0.4504950495049505,0.6923076923076923,0.5395736597720557,0.741042345276873,0.10631300126522854
1,technical_trend,random_forest,technical,15,169,241,0.4979253112033195,0.4476744186046512,0.7475728155339806,0.56,0.3115942028985507,0.5104474461798226,77,43,95,26,0.4476744186046512,0.6231884057971014,0.5295835092162656,0.6592465753424658,0.06475138637558062
1,technical_trend,gradient_boosting,technical,15,169,241,0.4854771784232365,0.42105263157894735,0.5436893203883495,0.4745762711864407,0.4420289855072464,0.4795272266779232,56,61,77,47,0.42105263157894735,0.5648148148148148,0.4928591529477979,0.5137614678899083,-0.014206928152080647
1,technical_trend,xgboost,technical,15,169,241,0.4896265560165975,0.4418604651162791,0.7378640776699029,0.5527272727272727,0.30434782608695654,0.508477557337836,76,42,96,27,0.4418604651162791,0.6086956521739131,0.5211059518784298,0.6506849315068494,0.04619599503608605
1,technical_trend,svm_rbf,technical,15,169,241,0.5186721991701245,0.4380952380952381,0.44660194174757284,0.4423076923076923,0.572463768115942,0.5037638947516533,46,79,59,57,0.4380952380952381,0.5808823529411765,0.5095328549317575,0.4448742746615087,0.019021599422990698
1,technical_trend,knn,technical,15,169,241,0.5062240663900415,0.44029850746268656,0.5728155339805825,0.4978902953586498,0.45652173913043476,0.4948642183762487,59,63,75,44,0.44029850746268656,0.5887850467289719,0.5146686365555087,0.5402930402930403,0.029210138177690265
1,technical_trend,naive_bayes,technical,15,169,241,0.5809128630705395,0.5333333333333333,0.1553398058252427,0.24060150375939848,0.8985507246376812,0.4966934008723794,16,124,14,87,0.5333333333333333,0.5876777251184834,0.5269452652314619,0.18099547511312217,0.08075487683012272
1,technical_momentum,logistic_l1,technical,11,169,241,0.43983402489626555,0.4327731092436975,1.0,0.6041055718475073,0.021739130434782608,0.5548051217109892,103,3,135,0,0.4327731092436975,1.0,0.5108695652173914,0.7923076923076923,0.09699541778102284
1,technical_momentum,logistic_l2,technical,11,169,241,0.43983402489626555,0.4327731092436975,1.0,0.6041055718475073,0.021739130434782608,0.5621922048684396,103,3,135,0,0.4327731092436975,1.0,0.5108695652173914,0.7923076923076923,0.09699541778102284
1,technical_momentum,random_forest,technical,11,169,241,0.4605809128630705,0.4293193717277487,0.7961165048543689,0.5578231292517006,0.21014492753623187,0.4911003236245954,82,29,109,21,0.4293193717277487,0.58,0.5031307161953004,0.6799336650082919,0.007638888400557712
1,technical_momentum,gradient_boosting,technical,11,169,241,0.5103734439834025,0.4460431654676259,0.6019417475728155,0.512396694214876,0.4420289855072464,0.48705501618122976,62,61,77,41,0.4460431654676259,0.5980392156862745,0.5219853665400309,0.5626134301270418,0.044026521725565676
1,technical_momentum,xgboost,technical,11,169,241,0.47717842323651455,0.4303030303030303,0.6893203883495146,0.5298507462686567,0.3188405797101449,0.5190657098635149,71,44,94,32,0.4303030303030303,0.5789473684210527,0.5040804840298297,0.6152512998266898,0.008688625237996845
1,technical_momentum,svm_rbf,technical,11,169,241,0.49377593360995853,0.43870967741935485,0.6601941747572816,0.5271317829457365,0.3695652173913043,0.5244125510060504,68,51,87,35,0.43870967741935485,0.5930232558139535,0.514879696074293,0.599647266313933,0.03073032385307575
1,technical_momentum,knn,technical,11,169,241,0.42323651452282157,0.41818181818181815,0.8932038834951457,0.5696594427244582,0.07246376811594203,0.48311523849725624,92,10,128,11,0.41818181818181815,0.47619047619047616,0.48283382580554385,0.7278481012658228,-0.06021998994629497
1,technical_momentum,naive_bayes,technical,11,169,241,0.43568464730290457,0.43037974683544306,0.9902912621359223,0.6,0.021739130434782608,0.5098494442099338,102,3,135,1,0.43037974683544306,0.75,0.5060151962853525,0.785824345146379,0.04658367918310824
1,technical_volume,logistic_l1,technical,5,169,241,0.47717842323651455,0.4327485380116959,0.7184466019417476,0.5401459854014599,0.2971014492753623,0.5493879273955256,74,41,97,29,0.4327485380116959,0.5857142857142857,0.507774025608555,0.6346483704974271,0.016942872510410798
1,technical_volume,logistic_l2,technical,5,169,241,0.4979253112033195,0.4457831325301205,0.7184466019417476,0.550185873605948,0.3333333333333333,0.5451667370198396,74,46,92,29,0.4457831325301205,0.6133333333333333,0.5258899676375405,0.6401384083044983,0.055326727502186215
1,technical_volume,random_forest,technical,5,169,241,0.46473029045643155,0.4375,0.883495145631068,0.5852090032154341,0.15217391304347827,0.5465034473054735,91,21,117,12,0.4375,0.6363636363636364,0.5178345293372731,0.7338709677419355,0.05132880652586705
1,technical_volume,gradient_boosting,technical,5,169,241,0.4854771784232365,0.4461538461538462,0.8446601941747572,0.5838926174496645,0.21739130434782608,0.49873364288729416,87,30,108,16,0.4461538461538462,0.6521739130434783,0.5310257492612916,0.7166392092257001,0.07811136155874962
1,technical_volume,xgboost,technical,5,169,241,0.4896265560165975,0.44623655913978494,0.8058252427184466,0.5743944636678201,0.2536231884057971,0.5385535387645982,83,35,103,20,0.44623655913978494,0.6363636363636364,0.5297242155621218,0.6939799331103679,0.07007461761033168
1,technical_volume,svm_rbf,technical,5,169,241,0.5145228215767634,0.45394736842105265,0.6699029126213593,0.5411764705882353,0.39855072463768115,0.4764668636555508,69,55,83,34,0.45394736842105265,0.6179775280898876,0.5342268186295203,0.6117021276595744,0.07016780440952905
1,technical_volume,knn,technical,5,169,241,0.42323651452282157,0.3941176470588235,0.6504854368932039,0.4908424908424908,0.2536231884057971,0.4582453918671733,67,35,103,36,0.3941176470588235,0.49295774647887325,0.4520543126495005,0.5756013745704467,-0.10406005838572056
1,technical_volume,naive_bayes,technical,5,169,241,0.4605809128630705,0.4372093023255814,0.912621359223301,0.5911949685534591,0.12318840579710146,0.5393977768397356,94,17,121,9,0.4372093023255814,0.6538461538461539,0.5179048825102013,0.7496012759170654,0.05710231597173088
2,sentiment_only,logistic_l1,sentiment,7,169,241,0.3900414937759336,0.3314285714285714,0.6590909090909091,0.44106463878326996,0.23529411764705882,0.4340463458110518,58,36,117,30,0.3314285714285714,0.5454545454545454,0.4471925133689839,0.5502846299810247,-0.11403063763083297
2,sentiment_only,logistic_l2,sentiment,7,169,241,0.38589211618257263,0.33146067415730335,0.6704545454545454,0.44360902255639095,0.2222222222222222,0.43538324420677366,59,34,119,29,0.33146067415730335,0.5396825396825397,0.4463383838383838,0.5566037735849056,-0.1175981581381766
2,sentiment_only,random_forest,sentiment,7,169,241,0.4190871369294606,0.3645833333333333,0.7954545454545454,0.5,0.20261437908496732,0.46412655971479505,70,31,122,18,0.3645833333333333,0.6326530612244898,0.49903446226975634,0.6433823529411765,-0.002310136500697892
2,sentiment_only,gradient_boosting,sentiment,7,169,241,0.42323651452282157,0.35911602209944754,0.7386363636363636,0.483271375464684,0.24183006535947713,0.47103386809269165,65,37,116,23,0.35911602209944754,0.6166666666666667,0.4902332144979204,0.6097560975609756,-0.021749725711303392
2,sentiment_only,xgboost,sentiment,7,169,241,0.42323651452282157,0.34911242603550297,0.6704545454545454,0.4591439688715953,0.28104575163398693,0.44726678550207954,59,43,110,29,0.34911242603550297,0.5972222222222222,0.47575014854426617,0.5662188099808061,-0.05101718941827097
2,sentiment_only,svm_rbf,sentiment,7,169,241,0.42323651452282157,0.3473053892215569,0.6590909090909091,0.4549019607843137,0.2875816993464052,0.5250297088532383,58,44,109,30,0.3473053892215569,0.5945945945945946,0.47333630421865713,0.558766859344894,-0.055662575513844716
2,sentiment_only,knn,sentiment,7,169,241,0.3900414937759336,0.3422459893048128,0.7272727272727273,0.46545454545454545,0.19607843137254902,0.4523915626856804,64,30,123,24,0.3422459893048128,0.5555555555555556,0.46167557932263814,0.5936920222634509,-0.0885064583784453
2,sentiment_only,naive_bayes,sentiment,7,169,241,0.3941908713692946,0.3605769230769231,0.8522727272727273,0.5067567567567568,0.13071895424836602,0.4304812834224599,75,20,133,13,0.3605769230769231,0.6060606060606061,0.49149584076054664,0.6696428571428571,-0.0238209892672859
2,technical_only,logistic_l1,technical,49,169,241,0.4605809128630705,0.3917525773195876,0.8636363636363636,0.5390070921985816,0.22875816993464052,0.544266191325015,76,35,118,12,0.3917525773195876,0.7446808510638298,0.5461972667855021,0.6959706959706959,0.112275121816807
2,technical_only,logistic_l2,technical,49,169,241,0.45228215767634855,0.3804347826086957,0.7954545454545454,0.5147058823529411,0.2549019607843137,0.5529560308972075,70,39,114,18,0.3804347826086957,0.6842105263157895,0.5251782531194296,0.6529850746268657,0.05705534069803469
2,technical_only,random_forest,technical,49,169,241,0.36929460580912865,0.36666666666666664,1.0,0.5365853658536586,0.006535947712418301,0.5207219251336898,88,1,152,0,0.36666666666666664,1.0,0.5032679738562091,0.7432432432432432,0.048954204734834
2,technical_only,gradient_boosting,technical,49,169,241,0.3651452282157676,0.3568281938325991,0.9204545454545454,0.5142857142857142,0.0457516339869281,0.5025995246583482,81,7,146,7,0.3568281938325991,0.5,0.48310308972073673,0.6994818652849741,-0.06955805004930252
2,technical_only,xgboost,technical,49,169,241,0.35684647302904565,0.3562231759656652,0.9431818181818182,0.5171339563862928,0.0196078431372549,0.5083184789067142,83,3,150,5,0.3562231759656652,0.375,0.4813948306595366,0.7094017094017094,-0.10000638305579046
2,technical_only,svm_rbf,technical,49,169,241,0.43568464730290457,0.3620689655172414,0.7159090909090909,0.48091603053435117,0.27450980392156865,0.5014111705288176,63,42,111,25,0.3620689655172414,0.6268656716417911,0.4952094474153298,0.5988593155893536,-0.01029652393364976
2,technical_only,knn,technical,49,169,241,0.3817427385892116,0.36444444444444446,0.9318181818181818,0.5239616613418531,0.06535947712418301,0.505941770647653,82,10,143,6,0.36444444444444446,0.625,0.4985888294711824,0.7105719237435009,-0.005458147838836313
2,technical_only,naive_bayes,technical,49,169,241,0.38589211618257263,0.3623853211009174,0.8977272727272727,0.5163398692810458,0.0915032679738562,0.5372103386809268,79,14,139,9,0.3623853211009174,0.6086956521739131,0.49461527035056446,0.6929824561403509,-0.017647727368691916
2,hybrid,logistic_l1,hybrid,56,169,241,0.42738589211618255,0.375,0.8522727272727273,0.5208333333333334,0.1830065359477124,0.4971776589423648,75,28,125,13,0.375,0.6829268292682927,0.5176396316102199,0.6793478260869565,0.04520636965386147
2,hybrid,logistic_l2,hybrid,56,169,241,0.4190871369294606,0.37254901960784315,0.8636363636363636,0.5205479452054794,0.16339869281045752,0.5037136066547832,76,25,128,12,0.37254901960784315,0.6756756756756757,0.5135175282234106,0.6834532374100719,0.03610758035538633
2,hybrid,random_forest,hybrid,56,169,241,0.36099585062240663,0.3625,0.9886363636363636,0.5304878048780488,0.0,0.4930184194890077,87,0,153,1,0.3625,0.0,0.4943181818181818,0.7347972972972973,-0.08511356050488184
2,hybrid,gradient_boosting,hybrid,56,169,241,0.42323651452282157,0.375609756097561,0.875,0.5255972696245734,0.16339869281045752,0.5329025549613785,77,25,128,11,0.375609756097561,0.6944444444444444,0.5191993464052288,0.6912028725314183,0.051865110880963634
2,hybrid,xgboost,hybrid,56,169,241,0.36929460580912865,0.36324786324786323,0.9659090909090909,0.5279503105590062,0.026143790849673203,0.4742275698158051,85,4,149,3,0.36324786324786323,0.5714285714285714,0.4960264408793821,0.7252559726962458,-0.02278451442461459
2,hybrid,svm_rbf,hybrid,56,169,241,0.38589211618257263,0.3598130841121495,0.875,0.5099337748344371,0.10457516339869281,0.5200534759358288,77,16,137,11,0.3598130841121495,0.5925925925925926,0.4897875816993464,0.6802120141342756,-0.031178618899101836
2,hybrid,knn,hybrid,56,169,241,0.3817427385892116,0.3656387665198238,0.9431818181818182,0.526984126984127,0.058823529411764705,0.5330882352941176,83,9,144,5,0.3656387665198238,0.6428571428571429,0.5010026737967914,0.7167530224525043,0.004127620552376194
2,hybrid,naive_bayes,hybrid,56,169,241,0.38589211618257263,0.3623853211009174,0.8977272727272727,0.5163398692810458,0.0915032679738562,0.5372103386809268,79,14,139,9,0.3623853211009174,0.6086956521739131,0.49461527035056446,0.6929824561403509,-0.017647727368691916
2,sentiment_core,logistic_l1,sentiment,4,169,241,0.3941908713692946,0.3273809523809524,0.625,0.4296875,0.26143790849673204,0.422756981580511,55,40,113,33,0.3273809523809524,0.547945205479452,0.443218954248366,0.5288461538461539,-0.11898832828946182
2,sentiment_core,logistic_l2,sentiment,4,169,241,0.4107883817427386,0.34831460674157305,0.7045454545454546,0.46616541353383456,0.24183006535947713,0.4276589423648247,62,37,116,26,0.34831460674157305,0.5873015873015873,0.47318775995246587,0.5849056603773585,-0.05875838766488824
2,sentiment_core,random_forest,sentiment,4,169,241,0.4190871369294606,0.34523809523809523,0.6590909090909091,0.453125,0.28104575163398693,0.4393568033273916,58,43,110,30,0.34523809523809523,0.589041095890411,0.470068330362448,0.5576923076923077,-0.06272373616828399
2,sentiment_core,gradient_boosting,sentiment,4,169,241,0.44398340248962653,0.34868421052631576,0.6022727272727273,0.44166666666666665,0.35294117647058826,0.4667260843731432,53,54,99,35,0.34868421052631576,0.6067415730337079,0.4776069518716578,0.5257936507936508,-0.04468003075253047
2,sentiment_core,xgboost,sentiment,4,169,241,0.43568464730290457,0.35185185185185186,0.6477272727272727,0.456,0.3137254901960784,0.4580733808674985,57,48,105,31,0.35185185185185186,0.6075949367088608,0.48072638146167557,0.5544747081712063,-0.03953750441757394
2,sentiment_core,svm_rbf,sentiment,4,169,241,0.4024896265560166,0.3409090909090909,0.6818181818181818,0.45454545454545453,0.24183006535947713,0.5487967914438503,60,37,116,28,0.3409090909090909,0.5692307692307692,0.46182412358882946,0.5681818181818182,-0.08283102792542416
2,sentiment_core,knn,sentiment,4,169,241,0.4024896265560166,0.3372093023255814,0.6590909090909091,0.4461538461538462,0.2549019607843137,0.4263963161021984,58,39,114,30,0.3372093023255814,0.5652173913043478,0.4569964349376114,0.5534351145038168,-0.09160786023958549
2,sentiment_core,naive_bayes,sentiment,4,169,241,0.38589211618257263,0.3557692307692308,0.8409090909090909,0.5,0.12418300653594772,0.43835412953060016,74,19,134,14,0.3557692307692308,0.5757575757575758,0.4825460487225193,0.6607142857142857,-0.04889023998089246
2,technical_trend,logistic_l1,technical,15,169,241,0.3651452282157676,0.3651452282157676,1.0,0.5349544072948328,0.0,0.5329025549613785,88,0,153,0,0.3651452282157676,0.0,0.5,0.7419898819561551,0.0
2,technical_trend,logistic_l2,technical,15,169,241,0.37344398340248963,0.3682008368200837,1.0,0.5382262996941896,0.013071895424836602,0.5319370172311348,88,2,151,0,0.3682008368200837,1.0,0.5065359477124183,0.7445008460236887,0.0693763852780574
2,technical_trend,random_forest,technical,15,169,241,0.3651452282157676,0.3651452282157676,1.0,0.5349544072948328,0.0,0.5493166963755198,88,0,153,0,0.3651452282157676,0.0,0.5,0.7419898819561551,0.0
2,technical_trend,gradient_boosting,technical,15,169,241,0.47717842323651455,0.375,0.6477272727272727,0.475,0.3790849673202614,0.5164512774806892,57,58,95,31,0.375,0.651685393258427,0.5134061200237671,0.5654761904761905,0.026748741462128526
2,technical_trend,xgboost,technical,15,169,241,0.3651452282157676,0.36401673640167365,0.9886363636363636,0.5321100917431193,0.006535947712418301,0.514297385620915,87,1,152,1,0.36401673640167365,0.5,0.49758615567439096,0.7360406091370558,-0.025621960472009837
2,technical_trend,svm_rbf,technical,15,169,241,0.36099585062240663,0.358974358974359,0.9545454545454546,0.5217391304347826,0.0196078431372549,0.45937314319667255,84,3,150,4,0.358974358974359,0.42857142857142855,0.48707664884135476,0.7167235494880546,-0.0741029067267839
2,technical_trend,knn,technical,15,169,241,0.4066390041493776,0.37777777777777777,0.9659090909090909,0.5431309904153354,0.08496732026143791,0.5212046939988116,85,13,140,3,0.37777777777777777,0.8125,0.5254382055852644,0.7365684575389948,0.0983902965684967
2,technical_trend,naive_bayes,technical,15,169,241,0.6514522821576764,0.6111111111111112,0.125,0.20754716981132076,0.954248366013072,0.5835932857991681,11,146,7,77,0.6111111111111112,0.6547085201793722,0.539624183006536,0.14864864864864866,0.1451405230594407
2,technical_momentum,logistic_l1,technical,11,169,241,0.38589211618257263,0.3611111111111111,0.8863636363636364,0.5131578947368421,0.09803921568627451,0.5252525252525251,78,15,138,10,0.3611111111111111,0.6,0.4922014260249554,0.6866197183098591,-0.024628352637043695
2,technical_momentum,logistic_l2,technical,11,169,241,0.3983402489626556,0.36492890995260663,0.875,0.5150501672240803,0.12418300653594772,0.5215389185977422,77,19,134,11,0.36492890995260663,0.6333333333333333,0.49959150326797386,0.6838365896980462,-0.0011915267002883425
2,technical_momentum,random_forest,technical,11,169,241,0.3817427385892116,0.37130801687763715,1.0,0.5415384615384615,0.026143790849673203,0.4856654783125372,88,4,149,0,0.37130801687763715,1.0,0.5130718954248366,0.7470288624787776,0.09852613426931899
2,technical_momentum,gradient_boosting,technical,11,169,241,0.4024896265560166,0.37610619469026546,0.9659090909090909,0.5414012738853503,0.0784313725490196,0.48544266191325014,85,12,141,3,0.37610619469026546,0.8,0.5221702317290553,0.7352941176470589,0.08836645455381026
2,technical_momentum,xgboost,technical,11,169,241,0.3900414937759336,0.37339055793991416,0.9886363636363636,0.5420560747663551,0.0457516339869281,0.49004753416518126,87,7,146,1,0.37339055793991416,0.875,0.5171939988116458,0.7435897435897436,0.09242106857251693
2,technical_momentum,svm_rbf,technical,11,169,241,0.45228215767634855,0.358974358974359,0.6363636363636364,0.45901639344262296,0.3464052287581699,0.5153743315508021,56,53,100,32,0.358974358974359,0.6235294117647059,0.49138443256090314,0.5511811023622047,-0.01736317615688365
2,technical_momentum,knn,technical,11,169,241,0.45643153526970953,0.3576158940397351,0.6136363636363636,0.45188284518828453,0.3660130718954248,0.4915329768270945,54,56,97,34,0.3576158940397351,0.6222222222222222,0.4898247177658942,0.536779324055666,-0.020256004413793535
2,technical_momentum,naive_bayes,technical,11,169,241,0.44398340248962653,0.35443037974683544,0.6363636363636364,0.45528455284552843,0.3333333333333333,0.49049316696375517,56,51,102,32,0.35443037974683544,0.6144578313253012,0.48484848484848486,0.5490196078431373,-0.030704746907644846
2,technical_volume,logistic_l1,technical,5,169,241,0.42738589211618255,0.3670212765957447,0.7840909090909091,0.5,0.2222222222222222,0.4831402257872846,69,34,119,19,0.3670212765957447,0.6415094339622641,0.5031565656565656,0.6388888888888888,0.007338630386320424
2,technical_volume,logistic_l2,technical,5,169,241,0.43983402489626555,0.372972972972973,0.7840909090909091,0.5054945054945055,0.24183006535947713,0.47370766488413546,69,37,116,19,0.372972972972973,0.6607142857142857,0.512960487225193,0.6424581005586593,0.029550068895621607
2,technical_volume,random_forest,technical,5,169,241,0.4190871369294606,0.3673469387755102,0.8181818181818182,0.5070422535211268,0.1895424836601307,0.5295603089720736,72,29,124,16,0.3673469387755102,0.6444444444444445,0.5038621509209744,0.656934306569343,0.009543594874313404
2,technical_volume,gradient_boosting,technical,5,169,241,0.45643153526970953,0.3727810650887574,0.7159090909090909,0.490272373540856,0.30718954248366015,0.48648247177658943,63,47,106,25,0.3727810650887574,0.6527777777777778,0.5115493166963756,0.6046065259117083,0.024297620075164277
2,technical_volume,xgboost,technical,5,169,241,0.42738589211618255,0.3670212765957447,0.7840909090909091,0.5,0.2222222222222222,0.499777183600713,69,34,119,19,0.3670212765957447,0.6415094339622641,0.5031565656565656,0.6388888888888888,0.007338630386320424
2,technical_volume,svm_rbf,technical,5,169,241,0.4605809128630705,0.37037037037037035,0.6818181818181818,0.48,0.3333333333333333,0.48611111111111105,60,51,102,28,0.37037037037037035,0.6455696202531646,0.5075757575757576,0.5836575875486382,0.015540753181474149
2,technical_volume,knn,technical,5,169,241,0.4024896265560166,0.3541666666666667,0.7727272727272727,0.4857142857142857,0.1895424836601307,0.47107100415923947,68,29,124,20,0.3541666666666667,0.5918367346938775,0.4811348781937017,0.625,-0.04513651316748189
2,technical_volume,naive_bayes,technical,5,169,241,0.3817427385892116,0.3607305936073059,0.8977272727272727,0.5146579804560261,0.08496732026143791,0.5343137254901961,79,13,140,9,0.3607305936073059,0.5909090909090909,0.4913472964943553,0.691768826619965,-0.028929136569177304
3,sentiment_only,logistic_l1,sentiment,7,169,241,0.4066390041493776,0.3465909090909091,0.6853932584269663,0.46037735849056605,0.24342105263157895,0.4446333530455352,61,37,115,28,0.3465909090909091,0.5692307692307692,0.46440715552927264,0.5733082706766918,-0.07740989486239291
3,sentiment_only,logistic_l2,sentiment,7,169,241,0.4190871369294606,0.3559322033898305,0.7078651685393258,0.47368421052631576,0.25,0.434284447072738,63,38,114,26,0.3559322033898305,0.59375,0.4789325842696629,0.5909943714821764,-0.046044889832010376
3,sentiment_only,random_forest,sentiment,7,169,241,0.46473029045643155,0.37012987012987014,0.6404494382022472,0.4691358024691358,0.3618421052631579,0.506578947368421,57,55,97,32,0.37012987012987014,0.632183908045977,0.5011457717327026,0.5588235294117647,0.002302633982911617
3,sentiment_only,gradient_boosting,sentiment,7,169,241,0.5352697095435685,0.4122137404580153,0.6067415730337079,0.4909090909090909,0.4934210526315789,0.5252808988764045,54,75,77,35,0.4122137404580153,0.6818181818181818,0.5500813128326434,0.5544147843942505,0.09704887547796766
3,sentiment_only,xgboost,sentiment,7,169,241,0.4896265560165975,0.36507936507936506,0.5168539325842697,0.42790697674418604,0.47368421052631576,0.5020697811945594,46,72,80,43,0.36507936507936506,0.6260869565217392,0.49526907155529276,0.47717842323651455,-0.00914237391586368
3,sentiment_only,svm_rbf,sentiment,7,169,241,0.44813278008298757,0.3674698795180723,0.6853932584269663,0.47843137254901963,0.3092105263157895,0.4747191011235955,61,47,105,28,0.3674698795180723,0.6266666666666667,0.4973018923713779,0.5842911877394636,-0.005624985238919171
3,sentiment_only,knn,sentiment,7,169,241,0.4315352697095436,0.36046511627906974,0.6966292134831461,0.47509578544061304,0.27631578947368424,0.48935541099940866,62,42,110,27,0.36046511627906974,0.6086956521739131,0.48647250147841514,0.5871212121212122,-0.02888520933485123
3,sentiment_only,naive_bayes,sentiment,7,169,241,0.36099585062240663,0.3383084577114428,0.7640449438202247,0.4689655172413793,0.125,0.4124778237729154,68,19,133,21,0.3383084577114428,0.475,0.44452247191011235,0.6104129263913824,-0.14392487819315936
3,technical_only,logistic_l1,technical,49,169,241,0.46473029045643155,0.3591549295774648,0.5730337078651685,0.44155844155844154,0.40131578947368424,0.5228415138971023,51,61,91,38,0.3591549295774648,0.6161616161616161,0.48717474866942634,0.5120481927710844,-0.02516233314313302
3,technical_only,logistic_l2,technical,49,169,241,0.4896265560165975,0.37681159420289856,0.5842696629213483,0.4581497797356828,0.4342105263157895,0.5299379065641633,52,66,86,37,0.37681159420289856,0.6407766990291263,0.5092400946185689,0.5263157894736842,0.01802872672392833
3,technical_only,random_forest,technical,49,169,241,0.3817427385892116,0.3598130841121495,0.8651685393258427,0.5082508250825083,0.09868421052631579,0.5229893554109994,77,15,137,12,0.3598130841121495,0.5555555555555556,0.48192637492607926,0.6754385964912281,-0.05530995346484732
3,technical_only,gradient_boosting,technical,49,169,241,0.45643153526970953,0.3806818181818182,0.7528089887640449,0.5056603773584906,0.28289473684210525,0.5387344766410408,67,43,109,22,0.3806818181818182,0.6615384615384615,0.517851862803075,0.6296992481203008,0.038825523591418255
3,technical_only,xgboost,technical,49,169,241,0.4315352697095436,0.37755102040816324,0.8314606741573034,0.519298245614035,0.19736842105263158,0.5486398580721465,74,30,122,15,0.37755102040816324,0.6666666666666666,0.5144145476049675,0.6702898550724637,0.035703724044466034
3,technical_only,svm_rbf,technical,49,169,241,0.46887966804979253,0.36363636363636365,0.5842696629213483,0.4482758620689655,0.40131578947368424,0.4862507392075695,52,61,91,37,0.36363636363636365,0.6224489795918368,0.49279272619751624,0.5210420841683366,-0.014162396776107101
3,technical_only,knn,technical,49,169,241,0.44398340248962653,0.37142857142857144,0.7303370786516854,0.49242424242424243,0.27631578947368424,0.471836191602602,65,42,110,24,0.37142857142857144,0.6363636363636364,0.5033264340626848,0.6120527306967984,0.007200036864283117
3,technical_only,naive_bayes,technical,49,169,241,0.4315352697095436,0.38571428571428573,0.9101123595505618,0.5418060200668896,0.1513157894736842,0.5596540508574809,81,23,129,8,0.38571428571428573,0.7419354838709677,0.530714074512123,0.715547703180212,0.08855105346066537
3,hybrid,logistic_l1,hybrid,56,169,241,0.4896265560165975,0.37681159420289856,0.5842696629213483,0.4581497797356828,0.4342105263157895,0.5191454760496748,52,66,86,37,0.37681159420289856,0.6407766990291263,0.5092400946185689,0.5263157894736842,0.01802872672392833
3,hybrid,logistic_l2,hybrid,56,169,241,0.4896265560165975,0.37857142857142856,0.5955056179775281,0.462882096069869,0.4276315789473684,0.5141927853341218,53,65,87,36,0.37857142857142856,0.6435643564356436,0.5115685984624483,0.5342741935483871,0.022630952626785283
3,hybrid,random_forest,hybrid,56,169,241,0.3651452282157676,0.35585585585585583,0.8876404494382022,0.5080385852090032,0.05921052631578947,0.5182584269662921,79,9,143,10,0.35585585585585583,0.47368421052631576,0.47342548787699584,0.6833910034602076,-0.09518287211902633
3,hybrid,gradient_boosting,hybrid,56,169,241,0.43568464730290457,0.37433155080213903,0.7865168539325843,0.5072463768115942,0.23026315789473684,0.5329686575990538,70,35,117,19,0.37433155080213903,0.6481481481481481,0.5083900059136606,0.6445672191528545,0.01942188493067645
3,hybrid,xgboost,hybrid,56,169,241,0.44398340248962653,0.38095238095238093,0.8089887640449438,0.5179856115107914,0.23026315789473684,0.5547752808988764,72,35,117,17,0.38095238095238093,0.6730769230769231,0.5196259609698404,0.6605504587155964,0.04605164518465671
3,hybrid,svm_rbf,hybrid,56,169,241,0.47717842323651455,0.38064516129032255,0.6629213483146067,0.48360655737704916,0.3684210526315789,0.5252808988764046,59,56,96,30,0.38064516129032255,0.6511627906976745,0.5156712004730928,0.5772994129158513,0.03157431843262537
3,hybrid,knn,hybrid,56,169,241,0.46887966804979253,0.38181818181818183,0.7078651685393258,0.49606299212598426,0.32894736842105265,0.5341513897102306,63,50,102,26,0.38181818181818183,0.6578947368421053,0.5184062684801892,0.6046065259117083,0.03823523618321616
3,hybrid,naive_bayes,hybrid,56,169,241,0.4315352697095436,0.38571428571428573,0.9101123595505618,0.5418060200668896,0.1513157894736842,0.5596540508574809,81,23,129,8,0.38571428571428573,0.7419354838709677,0.530714074512123,0.715547703180212,0.08855105346066537
3,sentiment_core,logistic_l1,sentiment,4,169,241,0.4066390041493776,0.3430232558139535,0.6629213483146067,0.4521072796934866,0.2565789473684211,0.47627143701951513,59,39,113,30,0.3430232558139535,0.5652173913043478,0.4597501478415139,0.5587121212121212,-0.08594533597172947
3,sentiment_core,logistic_l2,sentiment,4,169,241,0.38589211618257263,0.34054054054054056,0.7078651685393258,0.45985401459854014,0.19736842105263158,0.46437019515079836,63,30,122,26,0.34054054054054056,0.5357142857142857,0.4526167947959787,0.5822550831792976,-0.10829074716313335
3,sentiment_core,random_forest,sentiment,4,169,241,0.44398340248962653,0.3584905660377358,0.6404494382022472,0.4596774193548387,0.32894736842105265,0.5253548196333531,57,50,102,32,0.3584905660377358,0.6097560975609756,0.48469840331164993,0.5533980582524272,-0.03117296094765536
3,sentiment_core,gradient_boosting,sentiment,4,169,241,0.45228215767634855,0.3630573248407643,0.6404494382022472,0.4634146341463415,0.34210526315789475,0.4936797752808989,57,52,100,32,0.3630573248407643,0.6190476190476191,0.49127735068007095,0.5555555555555556,-0.017668746363117258
3,sentiment_core,xgboost,sentiment,4,169,241,0.48132780082987553,0.375,0.6067415730337079,0.463519313304721,0.40789473684210525,0.5296791839148434,54,62,90,35,0.375,0.6391752577319587,0.5073181549379066,0.54,0.014403939208926997
3,sentiment_core,svm_rbf,sentiment,4,169,241,0.42323651452282157,0.3641304347826087,0.7528089887640449,0.4908424908424908,0.23026315789473684,0.4828134240094618,67,35,117,22,0.3641304347826087,0.6140350877192983,0.49153607332939087,0.6203703703703703,-0.019225265482428287
3,sentiment_core,knn,sentiment,4,169,241,0.44398340248962653,0.3668639053254438,0.6966292134831461,0.4806201550387597,0.29605263157894735,0.4705056179775281,62,45,107,27,0.3668639053254438,0.625,0.4963409225310467,0.5904761904761905,-0.007716294539341979
3,sentiment_core,naive_bayes,sentiment,4,169,241,0.36929460580912865,0.34782608695652173,0.8089887640449438,0.4864864864864865,0.1118421052631579,0.4276315789473684,72,17,135,17,0.34782608695652173,0.5,0.4604154346540508,0.6394316163410302,-0.10976099675948964
3,technical_trend,logistic_l1,technical,15,169,241,0.42323651452282157,0.38839285714285715,0.9775280898876404,0.5559105431309904,0.09868421052631579,0.584639266706091,87,15,137,2,0.38839285714285715,0.8823529411764706,0.538106150206978,0.75,0.14364595405833405
3,technical_trend,logistic_l2,technical,15,169,241,0.4149377593360996,0.38495575221238937,0.9775280898876404,0.5523809523809524,0.08552631578947369,0.6006061502069782,87,13,139,2,0.38495575221238937,0.8666666666666667,0.531527202838557,0.7474226804123711,0.12595992250496482
3,technical_trend,random_forest,technical,15,169,241,0.4315352697095436,0.3723404255319149,0.7865168539325843,0.5054151624548736,0.2236842105263158,0.5261309875813129,70,34,118,19,0.3723404255319149,0.6415094339622641,0.5051005322294501,0.6433823529411765,0.0118862655803591
3,technical_trend,gradient_boosting,technical,15,169,241,0.46887966804979253,0.3597122302158273,0.5617977528089888,0.43859649122807015,0.4144736842105263,0.48536369012418684,50,63,89,39,0.3597122302158273,0.6176470588235294,0.48813571850975757,0.5050505050505051,-0.02317825567105037
3,technical_trend,xgboost,technical,15,169,241,0.4979253112033195,0.3933333333333333,0.6629213483146067,0.49372384937238495,0.40131578947368424,0.4962670017740981,59,61,91,30,0.3933333333333333,0.6703296703296703,0.5321185688941454,0.5830039525691699,0.06394942641116366
3,technical_trend,svm_rbf,technical,15,169,241,0.4149377593360996,0.358695652173913,0.7415730337078652,0.4835164835164835,0.2236842105263158,0.5033264340626847,66,34,118,23,0.358695652173913,0.5964912280701754,0.4826286221170905,0.6111111111111112,-0.03945796845738556
3,technical_trend,knn,technical,15,169,241,0.4107883817427386,0.3551912568306011,0.7303370786516854,0.47794117647058826,0.2236842105263158,0.47479302188054406,65,34,118,24,0.3551912568306011,0.5862068965517241,0.4770106445890006,0.6029684601113172,-0.051907970093899816
3,technical_trend,naive_bayes,technical,15,169,241,0.6514522821576764,0.5925925925925926,0.1797752808988764,0.27586206896551724,0.9276315789473685,0.5845283855706682,16,141,11,73,0.5925925925925926,0.6588785046728972,0.5537034299231225,0.20887728459530025,0.16434634434442363
3,technical_momentum,logistic_l1,technical,11,169,241,0.44813278008298757,0.35526315789473684,0.6067415730337079,0.44813278008298757,0.35526315789473684,0.4671052631578947,54,54,98,35,0.35526315789473684,0.6067415730337079,0.48100236546422237,0.531496062992126,-0.037995269071555295
3,technical_momentum,logistic_l2,technical,11,169,241,0.44813278008298757,0.35526315789473684,0.6067415730337079,0.44813278008298757,0.35526315789473684,0.46799231224127735,54,54,98,35,0.35526315789473684,0.6067415730337079,0.48100236546422237,0.531496062992126,-0.037995269071555295
3,technical_momentum,random_forest,technical,11,169,241,0.4024896265560166,0.36318407960199006,0.8202247191011236,0.503448275862069,0.15789473684210525,0.47009905381431105,73,24,128,16,0.36318407960199006,0.6,0.48905972797161446,0.6552962298025135,-0.02838225446047646
3,technical_momentum,gradient_boosting,technical,11,169,241,0.4190871369294606,0.36649214659685864,0.7865168539325843,0.5,0.20394736842105263,0.48554849201655825,70,31,121,19,0.36649214659685864,0.62,0.4952321111768185,0.6398537477148081,-0.011349356216632956
3,technical_momentum,xgboost,technical,11,169,241,0.4024896265560166,0.3684210526315789,0.8651685393258427,0.5167785234899329,0.13157894736842105,0.5034003548196334,77,20,132,12,0.3684210526315789,0.625,0.49837374334713186,0.6814159292035398,-0.004625809534938503
3,technical_momentum,svm_rbf,technical,11,169,241,0.46887966804979253,0.3333333333333333,0.43820224719101125,0.3786407766990291,0.4868421052631579,0.4611176818450621,39,74,78,50,0.3333333333333333,0.5967741935483871,0.4625221762270846,0.41226215644820297,-0.07237980091959512
3,technical_momentum,knn,technical,11,169,241,0.44813278008298757,0.3135593220338983,0.4157303370786517,0.357487922705314,0.46710526315789475,0.45306031933767,37,71,81,52,0.3135593220338983,0.5772357723577236,0.44141780011827325,0.39029535864978904,-0.11311466402208967
3,technical_momentum,naive_bayes,technical,11,169,241,0.4315352697095436,0.34810126582278483,0.6179775280898876,0.44534412955465585,0.3223684210526316,0.48233293908929625,55,49,103,34,0.34810126582278483,0.5903614457831325,0.4701729745712596,0.5350194552529183,-0.06058835310100505
3,technical_volume,logistic_l1,technical,5,169,241,0.4730290456431535,0.39893617021276595,0.8426966292134831,0.5415162454873647,0.2565789473684211,0.540508574807806,75,39,113,14,0.39893617021276595,0.7358490566037735,0.5496377882909521,0.6893382352941176,0.1156757585103063
3,technical_volume,logistic_l2,technical,5,169,241,0.46473029045643155,0.39473684210526316,0.8426966292134831,0.5376344086021505,0.24342105263157895,0.5344470727380248,75,37,115,14,0.39473684210526316,0.7254901960784313,0.543058840922531,0.6868131868131868,0.10175300400222854
3,technical_volume,random_forest,technical,5,169,241,0.42323651452282157,0.3670212765957447,0.7752808988764045,0.4981949458483754,0.21710526315789475,0.5233589591957422,69,33,119,20,0.3670212765957447,0.6226415094339622,0.49619308101714965,0.6341911764705882,-0.008871633005630342
3,technical_volume,gradient_boosting,technical,5,169,241,0.4024896265560166,0.34972677595628415,0.7191011235955056,0.47058823529411764,0.21710526315789475,0.45394736842105265,64,33,119,25,0.34972677595628415,0.5689655172413793,0.46810319337670014,0.5936920222634509,-0.07202022217208286
3,technical_volume,xgboost,technical,5,169,241,0.4315352697095436,0.36666666666666664,0.7415730337078652,0.49070631970260226,0.25,0.4865464222353637,66,38,114,23,0.36666666666666664,0.6229508196721312,0.4957865168539326,0.6156716417910447,-0.009353774246291184
3,technical_volume,svm_rbf,technical,5,169,241,0.5228215767634855,0.41216216216216217,0.6853932584269663,0.5147679324894515,0.4276315789473684,0.5248373743347132,61,65,87,28,0.41216216216216217,0.6989247311827957,0.5565124186871674,0.6051587301587301,0.11205167582296092
3,technical_volume,knn,technical,5,169,241,0.4896265560165975,0.3835616438356164,0.6292134831460674,0.4765957446808511,0.40789473684210525,0.5175931401537551,56,62,90,33,0.3835616438356164,0.6526315789473685,0.5185541099940864,0.5577689243027888,0.036647865873907934
3,technical_volume,naive_bayes,technical,5,169,241,0.42738589211618255,0.38388625592417064,0.9101123595505618,0.54,0.14473684210526316,0.5541099940863395,81,22,130,8,0.38388625592417064,0.7333333333333333,0.5274246008279124,0.7142857142857143,0.08018354500268624
